/*
 Navicat Premium Data Transfer

 Source Server         : MySQL
 Source Server Type    : MySQL
 Source Server Version : 80300 (8.3.0)
 Source Host           : localhost:3306
 Source Schema         : team_carpool_app

 Target Server Type    : MySQL
 Target Server Version : 80300 (8.3.0)
 File Encoding         : 65001

 Date: 03/12/2024 17:01:48
*/

SET NAMES utf8mb4;
SET FOREIGN_KEY_CHECKS = 0;

-- ----------------------------
-- Table structure for address
-- ----------------------------
DROP TABLE IF EXISTS `address`;
CREATE TABLE `address`  (
  `idAddress` int NOT NULL AUTO_INCREMENT,
  `name` varchar(45) CHARACTER SET utf8mb4 COLLATE utf8mb4_0900_ai_ci NOT NULL,
  `longitude` double NOT NULL,
  `latitude` double NOT NULL,
  `idUser` int NOT NULL,
  PRIMARY KEY (`idAddress`) USING BTREE,
  INDEX `idUser`(`idUser` ASC) USING BTREE,
  CONSTRAINT `address_ibfk_1` FOREIGN KEY (`idUser`) REFERENCES `user` (`idUser`) ON DELETE RESTRICT ON UPDATE RESTRICT
) ENGINE = InnoDB CHARACTER SET = utf8mb4 COLLATE = utf8mb4_0900_ai_ci ROW_FORMAT = Dynamic;

-- ----------------------------
-- Records of address
-- ----------------------------

-- ----------------------------
-- Table structure for administrator
-- ----------------------------
DROP TABLE IF EXISTS `administrator`;
CREATE TABLE `administrator`  (
  `idAdministrator` int NOT NULL,
  PRIMARY KEY (`idAdministrator`) USING BTREE,
  CONSTRAINT `administrator_ibfk_1` FOREIGN KEY (`idAdministrator`) REFERENCES `user` (`idUser`) ON DELETE RESTRICT ON UPDATE RESTRICT
) ENGINE = InnoDB CHARACTER SET = utf8mb4 COLLATE = utf8mb4_0900_ai_ci ROW_FORMAT = Dynamic;

-- ----------------------------
-- Records of administrator
-- ----------------------------

-- ----------------------------
-- Table structure for carpool_group
-- ----------------------------
DROP TABLE IF EXISTS `carpool_group`;
CREATE TABLE `carpool_group`  (
  `idCarpoolGroup` int NOT NULL AUTO_INCREMENT,
  `idDriver` int NOT NULL,
  `originLongitude` double NOT NULL,
  `originLatitude` double NOT NULL,
  `time` datetime NOT NULL,
  `seatsAvailable` int NOT NULL,
  `destinationLongitude` double NOT NULL,
  `destinationLatitude` double NOT NULL,
  `status` varchar(45) CHARACTER SET utf8mb4 COLLATE utf8mb4_0900_ai_ci NULL DEFAULT NULL,
  `estimatedArrivalTime` datetime NULL DEFAULT NULL,
  `oiginPoint` point NULL,
  `destinationPoint` point NULL,
  `departureTime` datetime NULL DEFAULT NULL,
  `plateNo` varchar(45) CHARACTER SET utf8mb4 COLLATE utf8mb4_0900_ai_ci NULL DEFAULT NULL,
  `originName` varchar(45) CHARACTER SET utf8mb4 COLLATE utf8mb4_0900_ai_ci NULL DEFAULT NULL,
  `destinationName` varchar(45) CHARACTER SET utf8mb4 COLLATE utf8mb4_0900_ai_ci NULL DEFAULT NULL,
  PRIMARY KEY (`idCarpoolGroup`) USING BTREE,
  INDEX `idDriver`(`idDriver` ASC) USING BTREE,
  CONSTRAINT `carpool_group_ibfk_1` FOREIGN KEY (`idDriver`) REFERENCES `driver` (`idDriver`) ON DELETE RESTRICT ON UPDATE RESTRICT
) ENGINE = InnoDB AUTO_INCREMENT = 170 CHARACTER SET = utf8mb4 COLLATE = utf8mb4_0900_ai_ci ROW_FORMAT = Dynamic;

-- ----------------------------
-- Records of carpool_group
-- ----------------------------
INSERT INTO `carpool_group` VALUES (34, 35, 119.25783299999998, 26.078957989081786, '2024-02-27 14:53:36', 4, 119.26239398572649, 26.083587097934785, 'InProgress', NULL, NULL, NULL, NULL, NULL, NULL, NULL);
INSERT INTO `carpool_group` VALUES (35, 35, 119.25783699999998, 26.07888998908331, '2024-02-27 14:54:28', 4, 119.26083814010826, 26.083990216400263, 'InProgress', NULL, NULL, NULL, NULL, NULL, NULL, NULL);
INSERT INTO `carpool_group` VALUES (36, 35, 119.25784499999997, 26.07887198908371, '2024-02-27 14:56:00', 4, 119.26227819760615, 26.08276809228254, 'InProgress', NULL, NULL, NULL, NULL, NULL, NULL, NULL);
INSERT INTO `carpool_group` VALUES (37, 35, 119.25783499999997, 26.07887498908364, '2024-02-27 14:59:11', 4, 119.26516834815257, 26.082219048050263, 'InProgress', NULL, NULL, NULL, NULL, NULL, NULL, NULL);
INSERT INTO `carpool_group` VALUES (38, 35, 119.25787599999997, 26.078864989083872, '2024-02-27 15:00:31', 4, 119.26228397353627, 26.083216846369947, 'InProgress', NULL, NULL, NULL, NULL, NULL, NULL, NULL);
INSERT INTO `carpool_group` VALUES (39, 35, 119.25781999999997, 26.078886989083383, '2024-02-27 15:02:46', 4, 119.26238829671638, 26.083431492839434, 'InProgress', NULL, NULL, NULL, NULL, NULL, NULL, NULL);
INSERT INTO `carpool_group` VALUES (40, 35, 119.25789099999997, 26.078903989083, '2024-02-27 15:05:10', 4, 119.26221448643814, 26.08192632261823, 'InProgress', NULL, NULL, NULL, NULL, NULL, NULL, NULL);
INSERT INTO `carpool_group` VALUES (41, 35, 119.25787399999997, 26.078868989083773, '2024-02-27 19:53:00', 4, 119.29239050817732, 26.089952463556696, 'InProgress', NULL, NULL, NULL, NULL, NULL, NULL, NULL);
INSERT INTO `carpool_group` VALUES (42, 35, 119.25783199999996, 26.078927989082466, '2024-02-27 19:54:16', 4, 119.27385370275333, 26.08332436370686, 'InProgress', NULL, NULL, NULL, NULL, NULL, NULL, NULL);
INSERT INTO `carpool_group` VALUES (43, 35, 119.25819099999997, 26.078887989083356, '2024-02-27 19:59:53', 4, 119.26473817839764, 26.0831344772727, 'InProgress', NULL, NULL, NULL, NULL, NULL, NULL, NULL);
INSERT INTO `carpool_group` VALUES (44, 35, 119.25798799999997, 26.079045989079837, '2024-02-27 20:06:25', 4, 119.26518038551629, 26.082722727929095, 'InProgress', NULL, NULL, NULL, NULL, NULL, NULL, NULL);
INSERT INTO `carpool_group` VALUES (45, 35, 119.25788199999997, 26.07911298907835, '2024-02-27 20:07:38', 4, 119.26788479743362, 26.081801881862084, 'InProgress', NULL, NULL, NULL, NULL, NULL, NULL, NULL);
INSERT INTO `carpool_group` VALUES (46, 35, 119.25788199999997, 26.07911298907835, '2024-02-27 20:11:07', 5, 119.27053397584844, 26.08195244051473, 'InProgress', NULL, NULL, NULL, NULL, NULL, NULL, NULL);
INSERT INTO `carpool_group` VALUES (47, 35, 119.25788199999997, 26.07911298907835, '2024-02-27 20:13:20', 2, 119.27111471532102, 26.082858552885817, 'InProgress', NULL, NULL, NULL, NULL, NULL, NULL, NULL);
INSERT INTO `carpool_group` VALUES (48, 35, 119.25788199999997, 26.07911298907835, '2024-02-27 20:14:26', 2, 119.2718288184762, 26.080988806138535, 'InProgress', NULL, NULL, NULL, NULL, NULL, NULL, NULL);
INSERT INTO `carpool_group` VALUES (49, 35, 119.26736489790987, 26.083108748778052, '2024-02-27 20:19:51', 2, 119.27703758917384, 26.081997707452455, 'InProgress', NULL, NULL, NULL, NULL, NULL, NULL, NULL);
INSERT INTO `carpool_group` VALUES (50, 35, 119.25659703046398, 26.077317523896106, '2024-02-27 20:21:32', 5, 119.26943821517067, 26.083181340612462, 'InProgress', NULL, NULL, NULL, NULL, NULL, NULL, NULL);
INSERT INTO `carpool_group` VALUES (51, 35, 119.25814999999997, 26.078782989085692, '2024-02-27 20:25:44', 5, 119.27072161850826, 26.08255297394097, 'InProgress', NULL, NULL, NULL, NULL, NULL, NULL, NULL);
INSERT INTO `carpool_group` VALUES (52, 35, 119.25802899999996, 26.078940989082177, '2024-02-27 20:27:41', 5, 119.27079756856726, 26.081320238147136, 'InProgress', NULL, NULL, NULL, NULL, NULL, NULL, NULL);
INSERT INTO `carpool_group` VALUES (53, 35, 119.25783699999998, 26.079035989080054, '2024-02-27 20:32:59', 5, 119.26878365031533, 26.084365133000457, 'InProgress', NULL, NULL, NULL, NULL, NULL, NULL, NULL);
INSERT INTO `carpool_group` VALUES (54, 35, 119.25783699999998, 26.079035989080054, '2024-02-27 20:33:53', 5, 119.27199817059639, 26.08115784622167, 'InProgress', NULL, NULL, NULL, NULL, NULL, NULL, NULL);
INSERT INTO `carpool_group` VALUES (55, 35, 119.25793999999999, 26.078923989082547, '2024-02-27 20:42:26', 5, 119.26720893685278, 26.081666289157265, 'InProgress', NULL, NULL, NULL, NULL, NULL, NULL, NULL);
INSERT INTO `carpool_group` VALUES (56, 35, 119.25793999999999, 26.078923989082547, '2024-02-27 20:49:20', 5, 119.2662165573644, 26.082854097679345, 'InProgress', NULL, NULL, NULL, NULL, NULL, NULL, NULL);
INSERT INTO `carpool_group` VALUES (57, 35, 119.25800299999997, 26.079033989080106, '2024-02-27 20:51:29', 5, 119.27297032336111, 26.08501946527714, 'InProgress', NULL, NULL, NULL, NULL, NULL, NULL, NULL);
INSERT INTO `carpool_group` VALUES (58, 35, 119.25798699999999, 26.07891998908265, '2024-02-27 20:52:36', 5, 119.27452013031271, 26.088889237116867, 'InProgress', NULL, NULL, NULL, NULL, NULL, NULL, NULL);
INSERT INTO `carpool_group` VALUES (59, 35, 119.25667317824983, 26.082967654279912, '2024-02-27 21:06:11', 5, 119.2670186729578, 26.085474077154075, 'InProgress', NULL, NULL, NULL, NULL, NULL, NULL, NULL);
INSERT INTO `carpool_group` VALUES (60, 35, 119.25789399999996, 26.07890698908293, '2024-02-27 21:06:37', 5, 119.26653892599332, 26.083139595199228, 'InProgress', NULL, NULL, NULL, NULL, NULL, NULL, NULL);
INSERT INTO `carpool_group` VALUES (61, 35, 119.25785899999997, 26.078821989084823, '2024-02-27 21:07:18', 5, 119.26255171139788, 26.08579540443999, 'InProgress', NULL, NULL, NULL, NULL, NULL, NULL, NULL);
INSERT INTO `carpool_group` VALUES (62, 35, 119.25878916987553, 26.078417004146292, '2024-02-27 21:47:28', 4, 119.26323913302517, 26.08312397203441, 'InProgress', NULL, NULL, NULL, NULL, NULL, NULL, NULL);
INSERT INTO `carpool_group` VALUES (63, 35, 119.25781699999997, 26.07887198908371, '2024-02-27 21:48:26', 4, 119.26701572957236, 26.080473695071387, 'InProgress', NULL, NULL, NULL, NULL, NULL, NULL, NULL);
INSERT INTO `carpool_group` VALUES (64, 35, 119.25792599999997, 26.07890698908293, '2024-02-27 21:49:07', 4, 119.26551172810203, 26.081859685960172, 'InProgress', NULL, NULL, NULL, NULL, NULL, NULL, NULL);
INSERT INTO `carpool_group` VALUES (65, 35, 119.25834999999996, 26.07867698908805, '2024-02-27 21:50:21', 4, 119.28625214795908, 26.083826784920763, 'InProgress', NULL, NULL, NULL, NULL, NULL, NULL, NULL);
INSERT INTO `carpool_group` VALUES (66, 35, 119.2668838632245, 26.082254297772888, '2024-02-27 21:51:15', 4, 119.27359582136964, 26.08239567814638, 'InProgress', NULL, NULL, NULL, NULL, NULL, NULL, NULL);
INSERT INTO `carpool_group` VALUES (67, 35, 119.25813099999999, 26.07867698908805, '2024-02-27 21:52:38', 4, 119.2663699660031, 26.082647090219005, 'InProgress', NULL, NULL, NULL, NULL, NULL, NULL, NULL);
INSERT INTO `carpool_group` VALUES (68, 35, 119.25646410793128, 26.079958953753305, '2024-02-27 22:03:28', 4, 119.31027531125079, 26.09254904290599, 'InProgress', NULL, NULL, NULL, NULL, NULL, NULL, NULL);
INSERT INTO `carpool_group` VALUES (69, 35, 119.25713663591226, 26.075640682979255, '2024-02-27 22:07:16', 4, 119.31027531125079, 26.09254904290599, 'InProgress', NULL, NULL, NULL, NULL, NULL, NULL, NULL);
INSERT INTO `carpool_group` VALUES (70, 35, 119.25831899999997, 26.07873398908678, '2024-02-27 22:11:56', 4, 119.31104367857354, 26.092800504120547, 'InProgress', NULL, NULL, NULL, NULL, NULL, NULL, NULL);
INSERT INTO `carpool_group` VALUES (71, 35, 119.25736045800106, 26.07965167028979, '2024-02-27 22:17:40', 4, 119.31077552377714, 26.092712027257104, 'InProgress', NULL, NULL, NULL, NULL, NULL, NULL, NULL);
INSERT INTO `carpool_group` VALUES (72, 35, 119.25829899999998, 26.07866898908823, '2024-02-27 22:20:10', 4, 119.26589483811152, 26.08253744570553, 'InProgress', NULL, NULL, NULL, NULL, NULL, NULL, NULL);
INSERT INTO `carpool_group` VALUES (73, 35, 119.25821099999999, 26.07856098909063, '2024-02-27 22:25:47', 4, 119.26380983239633, 26.081607742917175, 'InProgress', NULL, NULL, NULL, NULL, NULL, NULL, NULL);
INSERT INTO `carpool_group` VALUES (74, 35, 119.25734658951828, 26.081339778147598, '2024-02-27 22:29:10', 4, 119.27318249027905, 26.083462240393303, 'InProgress', NULL, NULL, NULL, NULL, NULL, NULL, NULL);
INSERT INTO `carpool_group` VALUES (75, 35, 119.25834599999999, 26.07870698908738, '2024-02-27 22:31:52', 4, 119.30777940920021, 26.092507132553827, 'InProgress', NULL, NULL, NULL, NULL, NULL, NULL, NULL);
INSERT INTO `carpool_group` VALUES (76, 35, 119.25786899999999, 26.078917989082687, '2024-02-27 22:40:00', 4, 119.26405240505252, 26.082444425329182, 'InProgress', NULL, NULL, NULL, NULL, NULL, NULL, NULL);
INSERT INTO `carpool_group` VALUES (77, 35, 119.25786399999997, 26.078927989082466, '2024-02-27 22:41:16', 4, 119.26292901440115, 26.082424204838876, 'InProgress', NULL, NULL, NULL, NULL, NULL, NULL, NULL);
INSERT INTO `carpool_group` VALUES (78, 35, 119.25814199999998, 26.078786989085597, '2024-02-27 22:42:08', 4, 119.26260708949613, 26.08356395673971, 'InProgress', NULL, NULL, NULL, NULL, NULL, NULL, NULL);
INSERT INTO `carpool_group` VALUES (79, 35, 119.25814199999998, 26.078786989085597, '2024-02-27 22:42:58', 4, 119.263658318158, 26.08351192400261, 'InProgress', NULL, NULL, NULL, NULL, NULL, NULL, NULL);
INSERT INTO `carpool_group` VALUES (80, 35, 119.25780699999999, 26.078927989082466, '2024-02-27 22:52:53', 4, 119.26429469192298, 26.082702387677685, 'InProgress', NULL, NULL, NULL, NULL, NULL, NULL, NULL);
INSERT INTO `carpool_group` VALUES (81, 35, 119.25814199999998, 26.078786989085597, '2024-02-27 22:54:03', 4, 119.26368113697232, 26.083250052537334, 'InProgress', NULL, NULL, NULL, NULL, NULL, NULL, NULL);
INSERT INTO `carpool_group` VALUES (82, 35, 119.25814199999998, 26.078786989085597, '2024-02-27 22:56:06', 4, 119.265174193094, 26.08232049386137, 'InProgress', NULL, NULL, NULL, NULL, NULL, NULL, NULL);
INSERT INTO `carpool_group` VALUES (83, 35, 119.25814199999998, 26.078786989085597, '2024-02-27 22:57:10', 2, 119.26453087600225, 26.082239744421578, 'InProgress', NULL, NULL, NULL, NULL, NULL, NULL, NULL);
INSERT INTO `carpool_group` VALUES (84, 35, 116.36246799999994, 39.969166072611905, '2024-02-29 19:55:44', 2, 116.36643177383908, 39.966531208191284, 'InProgress', NULL, NULL, NULL, NULL, NULL, NULL, NULL);
INSERT INTO `carpool_group` VALUES (85, 35, 116.36638835645317, 39.96824674357356, '2024-02-29 20:37:10', 5, 116.42590310653122, 39.914638429278554, 'InProgress', NULL, NULL, NULL, NULL, NULL, NULL, NULL);
INSERT INTO `carpool_group` VALUES (86, 35, 116.36382512721283, 39.969492334925704, '2024-02-29 20:40:53', 4, 116.32488857170948, 40.00753355348563, 'InProgress', NULL, NULL, NULL, NULL, NULL, NULL, NULL);
INSERT INTO `carpool_group` VALUES (87, 41, 116.36247299999994, 39.96914607261359, '2024-02-29 20:51:39', 5, 116.36424117766376, 39.97057057430987, 'Completed', NULL, NULL, NULL, NULL, NULL, NULL, NULL);
INSERT INTO `carpool_group` VALUES (88, 41, 116.36467104891645, 39.9738357403398, '2024-02-29 20:55:29', 5, 116.35594044748339, 39.967443927266906, 'Completed', NULL, NULL, NULL, NULL, NULL, NULL, NULL);
INSERT INTO `carpool_group` VALUES (89, 41, 116.37330739833818, 39.973229674696015, '2024-03-01 10:04:01', 5, 116.37149852472739, 39.96172800557285, 'Completed', NULL, NULL, NULL, NULL, NULL, NULL, NULL);
INSERT INTO `carpool_group` VALUES (90, 41, 116.36189102441709, 39.96771343896951, '2024-03-01 10:56:24', 5, 116.4077342246752, 39.92700713876263, 'Completed', NULL, NULL, NULL, NULL, NULL, NULL, NULL);
INSERT INTO `carpool_group` VALUES (91, 39, 116.36249199999995, 39.96910407261713, '2024-03-06 23:01:50', 2, 116.3662978643376, 39.97160479534069, 'Requested', NULL, ST_GeomFromText('POINT(116.362492 39.9691040726171)'), ST_GeomFromText('POINT(116.366297864338 39.9716047953407)'), NULL, NULL, NULL, NULL);
INSERT INTO `carpool_group` VALUES (92, 41, 116.36246499999993, 39.969088072618476, '2024-03-08 22:52:44', 5, 116.36557328730126, 39.97321379940779, 'Completed', NULL, ST_GeomFromText('POINT(116.362465 39.9690880726185)'), ST_GeomFromText('POINT(116.365573287301 39.9732137994078)'), NULL, NULL, NULL, NULL);
INSERT INTO `carpool_group` VALUES (93, 39, 116.41272799999993, 39.984484071313126, '2024-04-05 20:38:25', 2, 116.41596890246603, 39.98638556253601, 'Requested', NULL, ST_GeomFromText('POINT(116.412728 39.9844840713131)'), ST_GeomFromText('POINT(116.415968902466 39.986385562536)'), NULL, NULL, NULL, NULL);
INSERT INTO `carpool_group` VALUES (94, 41, 116.41274699999992, 39.98446107131509, '2024-04-05 21:38:14', 5, 116.41249899169208, 39.98682412994637, 'Completed', NULL, ST_GeomFromText('POINT(116.412747 39.9844610713151)'), ST_GeomFromText('POINT(116.412498991692 39.9868241299464)'), NULL, NULL, NULL, NULL);
INSERT INTO `carpool_group` VALUES (95, 41, 116.41275599999993, 39.98446007131518, '2024-04-05 21:40:12', 5, 116.4169286223634, 39.98729210796183, 'Completed', NULL, ST_GeomFromText('POINT(116.412756 39.9844600713152)'), ST_GeomFromText('POINT(116.416928622363 39.9872921079618)'), '2024-04-05 21:39:01', NULL, NULL, NULL);
INSERT INTO `carpool_group` VALUES (96, 41, 116.41275499999995, 39.98446007131518, '2024-04-05 22:12:47', 5, 116.41676791078922, 39.9863947061285, 'Completed', NULL, ST_GeomFromText('POINT(116.412755 39.9844600713152)'), ST_GeomFromText('POINT(116.416767910789 39.9863947061285)'), '2024-04-05 22:13:28', NULL, NULL, NULL);
INSERT INTO `carpool_group` VALUES (97, 41, 116.41275699999994, 39.98445007131602, '2024-04-06 13:24:41', 4, 116.41785448688933, 39.98910220872906, 'Completed', NULL, ST_GeomFromText('POINT(116.412757 39.984450071316)'), ST_GeomFromText('POINT(116.417854486889 39.9891022087291)'), '2024-04-05 22:20:04', NULL, NULL, NULL);
INSERT INTO `carpool_group` VALUES (98, 41, 116.41274499999993, 39.98446107131509, '2024-04-06 13:27:13', 2, 116.41689242655148, 39.98684421213708, 'Completed', NULL, ST_GeomFromText('POINT(116.412745 39.9844610713151)'), ST_GeomFromText('POINT(116.416892426551 39.9868442121371)'), '2024-04-06 13:28:49', NULL, NULL, NULL);
INSERT INTO `carpool_group` VALUES (99, 41, 116.41273299999993, 39.98449807131193, '2024-04-06 13:32:24', 5, 116.41740598930872, 39.985291344795925, 'Completed', NULL, ST_GeomFromText('POINT(116.412733 39.9844980713119)'), ST_GeomFromText('POINT(116.417405989309 39.9852913447959)'), '2024-04-06 13:33:58', NULL, NULL, NULL);
INSERT INTO `carpool_group` VALUES (100, 41, 116.41661050864582, 39.98871670893866, '2024-04-06 13:35:08', 2, 116.41977459822344, 39.98937934481912, 'Completed', NULL, ST_GeomFromText('POINT(116.416610508646 39.9887167089387)'), ST_GeomFromText('POINT(116.419774598223 39.9893793448191)'), '2024-04-06 13:40:34', NULL, NULL, NULL);
INSERT INTO `carpool_group` VALUES (101, 41, 116.41272199999993, 39.984492071312445, '2024-04-06 13:44:42', 4, 116.41424434506929, 39.986955669013824, 'Completed', NULL, ST_GeomFromText('POINT(116.412722 39.9844920713124)'), ST_GeomFromText('POINT(116.414244345069 39.9869556690138)'), '2024-04-06 14:45:05', '京A66666', NULL, NULL);
INSERT INTO `carpool_group` VALUES (102, 41, 116.41276099999993, 39.98446907131442, '2024-04-06 13:45:11', 2, 116.41614173852038, 39.98456613871077, 'Completed', NULL, ST_GeomFromText('POINT(116.412761 39.9844690713144)'), ST_GeomFromText('POINT(116.41614173852 39.9845661387108)'), '2024-04-06 13:42:58', NULL, NULL, NULL);
INSERT INTO `carpool_group` VALUES (103, 41, 116.41275299999992, 39.98445807131536, '2024-04-06 13:45:27', 2, 116.41504598428884, 39.98481621695272, 'Completed', NULL, ST_GeomFromText('POINT(116.412753 39.9844580713154)'), ST_GeomFromText('POINT(116.415045984289 39.9848162169527)'), '2024-04-06 13:48:13', '京A66666', NULL, NULL);
INSERT INTO `carpool_group` VALUES (104, 41, 116.41275199999993, 39.984480071313484, '2024-04-06 13:48:17', 2, 116.41437492814386, 39.98739873699866, 'Completed', NULL, ST_GeomFromText('POINT(116.412752 39.9844800713135)'), ST_GeomFromText('POINT(116.414374928144 39.9873987369987)'), '2024-04-06 13:52:03', '京A66666', NULL, NULL);
INSERT INTO `carpool_group` VALUES (105, 41, 116.41276099999993, 39.98446907131442, '2024-04-06 13:53:12', 4, 116.41554129767975, 39.9866647767457, 'Completed', NULL, ST_GeomFromText('POINT(116.412761 39.9844690713144)'), ST_GeomFromText('POINT(116.41554129768 39.9866647767457)'), '2024-04-06 13:55:53', '京A66666', NULL, NULL);
INSERT INTO `carpool_group` VALUES (106, 41, 116.41272199999993, 39.984490071312614, '2024-04-06 13:58:48', 2, 116.4168206550621, 39.986100039055536, 'Completed', NULL, ST_GeomFromText('POINT(116.412722 39.9844900713126)'), ST_GeomFromText('POINT(116.416820655062 39.9861000390555)'), '2024-04-06 13:59:35', '京A66666', NULL, NULL);
INSERT INTO `carpool_group` VALUES (107, 41, 116.41269599999994, 39.98448507131303, '2024-04-06 16:14:03', 2, 116.41551545711819, 39.985415576456425, 'Completed', NULL, ST_GeomFromText('POINT(116.412696 39.984485071313)'), ST_GeomFromText('POINT(116.415515457118 39.9854155764564)'), '2024-04-06 16:15:02', '京A66666', NULL, NULL);
INSERT INTO `carpool_group` VALUES (108, 41, 116.41272699999992, 39.984487071312884, '2024-04-06 16:14:13', 4, 116.41643406451082, 39.985986584350755, 'Completed', NULL, ST_GeomFromText('POINT(116.412727 39.9844870713129)'), ST_GeomFromText('POINT(116.416434064511 39.9859865843508)'), '2024-04-10 16:16:59', '京A36278', NULL, NULL);
INSERT INTO `carpool_group` VALUES (109, 41, 116.41275199999993, 39.98444207131672, '2024-04-06 17:48:56', 5, 116.41673317827515, 39.9854662968743, 'Completed', NULL, ST_GeomFromText('POINT(116.412752 39.9844420713167)'), ST_GeomFromText('POINT(116.416733178275 39.9854662968743)'), '2024-04-06 17:49:41', '京A72822', NULL, NULL);
INSERT INTO `carpool_group` VALUES (110, 41, 116.41272099999993, 39.984484071313126, '2024-04-29 15:13:07', 4, 116.41563980211572, 39.98531716098854, 'Completed', NULL, ST_GeomFromText('POINT(116.412721 39.9844840713131)'), ST_GeomFromText('POINT(116.415639802116 39.9853171609885)'), '2024-04-29 15:13:48', '京A36278', NULL, NULL);
INSERT INTO `carpool_group` VALUES (111, 41, 116.41273899999993, 39.984473071314085, '2024-04-29 15:20:53', 4, 116.4153226035552, 39.98531012798238, 'Completed', NULL, ST_GeomFromText('POINT(116.412739 39.9844730713141)'), ST_GeomFromText('POINT(116.415322603555 39.9853101279824)'), '2024-04-29 15:22:41', '京A36278', NULL, NULL);
INSERT INTO `carpool_group` VALUES (112, 41, 116.41272699999992, 39.98448107131337, '2024-04-29 15:38:00', 4, 116.41663592486323, 39.9863019530633, 'Completed', NULL, ST_GeomFromText('POINT(116.412727 39.9844810713134)'), ST_GeomFromText('POINT(116.416635924863 39.9863019530633)'), '2024-04-29 15:39:31', '京A36278', NULL, NULL);
INSERT INTO `carpool_group` VALUES (113, 41, 116.41780885431264, 39.98502396315983, '2024-04-29 15:42:20', 4, 116.42412419443214, 39.986276498131, 'Completed', NULL, ST_GeomFromText('POINT(116.417808854313 39.9850239631598)'), ST_GeomFromText('POINT(116.424124194432 39.986276498131)'), '2024-04-29 15:45:05', '京A36278', NULL, NULL);
INSERT INTO `carpool_group` VALUES (114, 41, 116.41277199999992, 39.98444607131636, '2024-04-29 15:45:10', 5, 116.41551546730061, 39.985005432600076, 'Completed', NULL, ST_GeomFromText('POINT(116.412772 39.9844460713164)'), ST_GeomFromText('POINT(116.415515467301 39.9850054326001)'), '2024-04-29 15:46:41', '京A72822', NULL, NULL);
INSERT INTO `carpool_group` VALUES (115, 41, 116.41272699999992, 39.98448107131337, '2024-04-29 15:48:08', 4, 116.41523325044791, 39.98554425035407, 'Completed', NULL, ST_GeomFromText('POINT(116.412727 39.9844810713134)'), ST_GeomFromText('POINT(116.415233250448 39.9855442503541)'), '2024-04-29 15:50:56', '京A36278', NULL, NULL);
INSERT INTO `carpool_group` VALUES (116, 41, 116.41271699999993, 39.984501071311676, '2024-04-29 15:50:29', 4, 116.41544499642578, 39.985536479915616, 'Completed', NULL, ST_GeomFromText('POINT(116.412717 39.9845010713117)'), ST_GeomFromText('POINT(116.415444996426 39.9855364799156)'), '2024-04-29 15:53:15', '京A36278', NULL, NULL);
INSERT INTO `carpool_group` VALUES (117, 41, 116.41273599999992, 39.984480071313484, '2024-04-29 16:04:45', 5, 116.41608282350076, 39.98545994202089, 'Completed', NULL, ST_GeomFromText('POINT(116.412736 39.9844800713135)'), ST_GeomFromText('POINT(116.416082823501 39.9854599420209)'), '2024-04-29 16:08:31', '京A72822', NULL, NULL);
INSERT INTO `carpool_group` VALUES (118, 41, 116.41271599999993, 39.98449907131186, '2024-04-29 16:05:44', 4, 116.41572246891612, 39.98566936035235, 'Completed', NULL, ST_GeomFromText('POINT(116.412716 39.9844990713119)'), ST_GeomFromText('POINT(116.415722468916 39.9856693603523)'), '2024-04-29 16:10:30', '京A36278', NULL, NULL);
INSERT INTO `carpool_group` VALUES (119, 41, 116.41270299999992, 39.98450407131142, '2024-04-29 16:06:32', 5, 116.41480442923219, 39.9852369919433, 'Completed', NULL, ST_GeomFromText('POINT(116.412703 39.9845040713114)'), ST_GeomFromText('POINT(116.414804429232 39.9852369919433)'), '2024-04-29 16:06:22', '京A72822', NULL, NULL);
INSERT INTO `carpool_group` VALUES (120, 41, 116.41272099999993, 39.984501071311676, '2024-04-29 16:12:39', 4, 116.41654741538379, 39.985758635220066, 'Completed', NULL, ST_GeomFromText('POINT(116.412721 39.9845010713117)'), ST_GeomFromText('POINT(116.416547415384 39.9857586352201)'), '2024-04-29 16:15:14', '京A36278', NULL, NULL);
INSERT INTO `carpool_group` VALUES (121, 41, 116.41273499999994, 39.98448107131337, '2024-04-29 16:13:25', 4, 116.41593227409312, 39.98597269057429, 'Completed', NULL, ST_GeomFromText('POINT(116.412735 39.9844810713134)'), ST_GeomFromText('POINT(116.415932274093 39.9859726905743)'), '2024-04-29 16:13:14', '京A36278', NULL, NULL);
INSERT INTO `carpool_group` VALUES (122, 41, 116.41273499999994, 39.984480071313484, '2024-04-29 16:13:48', 4, 116.41707075681865, 39.98570986608343, 'Completed', NULL, ST_GeomFromText('POINT(116.412735 39.9844800713135)'), ST_GeomFromText('POINT(116.417070756819 39.9857098660834)'), '2024-04-29 16:17:36', '京A36278', NULL, NULL);
INSERT INTO `carpool_group` VALUES (123, 41, 116.41274499999993, 39.98447107131423, '2024-04-29 16:15:50', 4, 116.4175976362274, 39.985601690172736, 'Completed', NULL, ST_GeomFromText('POINT(116.412745 39.9844710713142)'), ST_GeomFromText('POINT(116.417597636227 39.9856016901727)'), '2024-04-29 16:19:26', '京A36278', NULL, NULL);
INSERT INTO `carpool_group` VALUES (124, 41, 116.41271399999992, 39.98450007131175, '2024-04-29 16:18:05', 4, 116.4146672898809, 39.9846309863955, 'Completed', NULL, ST_GeomFromText('POINT(116.412714 39.9845000713117)'), ST_GeomFromText('POINT(116.414667289881 39.9846309863955)'), '2024-04-29 18:17:54', '京A36278', NULL, NULL);
INSERT INTO `carpool_group` VALUES (125, 41, 116.41274099999993, 39.98444207131672, '2024-04-30 15:49:19', 4, 116.41925155047488, 39.98502984368129, 'Completed', NULL, ST_GeomFromText('POINT(116.412741 39.9844420713167)'), ST_GeomFromText('POINT(116.419251550475 39.9850298436813)'), '2024-04-30 15:49:13', '京A36278', NULL, NULL);
INSERT INTO `carpool_group` VALUES (126, 41, 116.41275599999993, 39.98443907131697, '2024-04-30 15:51:12', 4, 116.41717545779449, 39.98679946567414, 'Completed', NULL, ST_GeomFromText('POINT(116.412756 39.984439071317)'), ST_GeomFromText('POINT(116.417175457794 39.9867994656741)'), '2024-04-30 22:51:02', '京A36278', NULL, NULL);
INSERT INTO `carpool_group` VALUES (127, 41, 116.36236987288461, 39.96914906093522, '2024-05-12 23:48:53', 5, 116.36426742371145, 39.96975642159377, 'Completed', NULL, ST_GeomFromText('POINT(116.362369872885 39.9691490609352)'), ST_GeomFromText('POINT(116.364267423711 39.9697564215938)'), '2024-05-12 23:49:45', '京A72822', NULL, NULL);
INSERT INTO `carpool_group` VALUES (128, 41, 116.36245399999993, 39.96910207261728, '2024-05-12 23:51:02', 5, 116.3690578232265, 39.97221070831309, 'Completed', NULL, ST_GeomFromText('POINT(116.362454 39.9691020726173)'), ST_GeomFromText('POINT(116.369057823226 39.9722107083131)'), '2024-05-12 23:53:55', '京A72822', NULL, NULL);
INSERT INTO `carpool_group` VALUES (129, 41, 116.36249199999995, 39.9691780726109, '2024-05-12 23:54:28', 5, 116.3659423538831, 39.9704636625415, 'Completed', NULL, ST_GeomFromText('POINT(116.362492 39.9691780726109)'), ST_GeomFromText('POINT(116.365942353883 39.9704636625415)'), '2024-05-12 23:58:18', '京A72822', NULL, NULL);
INSERT INTO `carpool_group` VALUES (130, 41, 116.36245599999994, 39.96914207261391, '2024-05-13 00:02:02', 2, 116.36680291739164, 39.970873715508915, 'Completed', NULL, ST_GeomFromText('POINT(116.362456 39.9691420726139)'), ST_GeomFromText('POINT(116.366802917392 39.9708737155089)'), '2024-05-13 00:03:50', '京A66666', NULL, NULL);
INSERT INTO `carpool_group` VALUES (131, 41, 116.36245899999993, 39.969118072615935, '2024-05-13 00:22:25', 5, 116.3662704885639, 39.97003205021338, 'Completed', NULL, ST_GeomFromText('POINT(116.362459 39.9691180726159)'), ST_GeomFromText('POINT(116.366270488564 39.9700320502134)'), '2024-05-13 00:25:17', '京A72822', NULL, NULL);
INSERT INTO `carpool_group` VALUES (132, 41, 116.36244399999993, 39.96912107261569, '2024-05-13 00:32:13', 5, 116.36496758832311, 39.96931859975614, 'Completed', NULL, ST_GeomFromText('POINT(116.362444 39.9691210726157)'), ST_GeomFromText('POINT(116.364967588323 39.9693185997561)'), '2024-05-13 00:35:00', '京A72822', NULL, NULL);
INSERT INTO `carpool_group` VALUES (133, 41, 116.36245899999993, 39.969098072617626, '2024-05-13 00:34:07', 2, 116.36868530083142, 39.97051671285748, 'Completed', NULL, ST_GeomFromText('POINT(116.362459 39.9690980726176)'), ST_GeomFromText('POINT(116.368685300831 39.9705167128575)'), '2024-05-13 00:35:56', '京A66666', NULL, NULL);
INSERT INTO `carpool_group` VALUES (134, 41, 116.36245899999993, 39.96910607261695, '2024-05-13 00:35:35', 5, 116.3670014596289, 39.971004319163946, 'Completed', NULL, ST_GeomFromText('POINT(116.362459 39.969106072617)'), ST_GeomFromText('POINT(116.367001459629 39.9710043191639)'), '2024-05-13 00:38:27', '京A72822', NULL, NULL);
INSERT INTO `carpool_group` VALUES (135, 41, 116.36245499999993, 39.96911707261602, '2024-05-13 00:39:19', 5, 116.36488286550865, 39.97035579273823, 'Completed', NULL, ST_GeomFromText('POINT(116.362455 39.969117072616)'), ST_GeomFromText('POINT(116.364882865509 39.9703557927382)'), '2024-05-13 00:41:10', '京A72822', NULL, NULL);
INSERT INTO `carpool_group` VALUES (136, 41, 116.36245599999994, 39.96910207261728, '2024-05-13 00:42:16', 5, 116.36659816612512, 39.97167217258192, 'Completed', NULL, ST_GeomFromText('POINT(116.362456 39.9691020726173)'), ST_GeomFromText('POINT(116.366598166125 39.9716721725819)'), '2024-05-13 00:43:10', '京A72822', NULL, NULL);
INSERT INTO `carpool_group` VALUES (137, 41, 116.36252056282234, 39.96879311611896, '2024-05-14 13:25:07', 5, 116.36735018903784, 39.97065454484924, 'Completed', NULL, ST_GeomFromText('POINT(116.362520562822 39.968793116119)'), ST_GeomFromText('POINT(116.367350189038 39.9706545448492)'), '2024-05-14 13:30:58', '京A72822', NULL, NULL);
INSERT INTO `carpool_group` VALUES (138, 41, 116.36246099999993, 39.969098072617626, '2024-05-14 13:30:05', 2, 116.36542839135778, 39.971411449609896, 'Completed', NULL, ST_GeomFromText('POINT(116.362461 39.9690980726176)'), ST_GeomFromText('POINT(116.365428391358 39.9714114496099)'), '2024-05-14 13:32:56', '京A66666', NULL, NULL);
INSERT INTO `carpool_group` VALUES (139, 41, 116.36246399999995, 39.96911607261611, '2024-05-14 13:31:54', 5, 116.36549230601062, 39.972413697585374, 'Completed', NULL, ST_GeomFromText('POINT(116.362464 39.9691160726161)'), ST_GeomFromText('POINT(116.365492306011 39.9724136975854)'), '2024-05-14 13:34:47', '京A72822', NULL, NULL);
INSERT INTO `carpool_group` VALUES (140, 41, 116.36246599999993, 39.96910707261687, '2024-05-14 13:33:20', 5, 116.36555957082282, 39.972444155824434, 'Completed', NULL, ST_GeomFromText('POINT(116.362466 39.9691070726169)'), ST_GeomFromText('POINT(116.365559570823 39.9724441558244)'), '2024-05-14 13:35:12', '京A72822', NULL, NULL);
INSERT INTO `carpool_group` VALUES (141, 41, 116.36246099999993, 39.96910507261703, '2024-05-14 13:37:44', 5, 116.37030922318672, 39.96955484539603, 'Completed', NULL, ST_GeomFromText('POINT(116.362461 39.969105072617)'), ST_GeomFromText('POINT(116.370309223187 39.969554845396)'), '2024-05-14 13:40:37', '京A72822', NULL, NULL);
INSERT INTO `carpool_group` VALUES (143, 41, 116.36246399999995, 39.969093072618044, '2024-05-14 13:44:47', 5, 116.36817926245256, 39.97090184292545, 'Completed', NULL, ST_GeomFromText('POINT(116.362464 39.969093072618)'), ST_GeomFromText('POINT(116.368179262453 39.9709018429254)'), '2024-05-14 13:44:40', '京A72822', NULL, NULL);
INSERT INTO `carpool_group` VALUES (144, 41, 116.36246099999993, 39.969108072616784, '2024-05-14 13:46:37', 5, 116.36563724041645, 39.97093601511957, 'Completed', NULL, ST_GeomFromText('POINT(116.362461 39.9691080726168)'), ST_GeomFromText('POINT(116.365637240416 39.9709360151196)'), '2024-05-14 13:48:52', '京A72822', '铁道党校', '北三环中路43号院');
INSERT INTO `carpool_group` VALUES (145, 41, 116.36245399999993, 39.96913807261426, '2024-05-14 16:39:14', 5, 116.36237477225913, 39.975823232758806, 'Completed', NULL, ST_GeomFromText('POINT(116.362454 39.9691380726143)'), ST_GeomFromText('POINT(116.362374772259 39.9758232327588)'), '2024-05-14 16:50:04', '京A72822', '铁道党校', '翠微百货(牡丹园店)');
INSERT INTO `carpool_group` VALUES (146, 41, 116.35638354354187, 39.970250389788355, '2024-05-14 16:40:02', 4, 116.35473983867686, 39.978214627796206, 'Completed', NULL, ST_GeomFromText('POINT(116.356383543542 39.9702503897884)'), ST_GeomFromText('POINT(116.354739838677 39.9782146277962)'), '2024-05-14 16:41:55', '京A36278', '北三环中路甲69号院', '牡丹园');
INSERT INTO `carpool_group` VALUES (147, 41, 116.36245799999992, 39.969129072615026, '2024-05-14 16:44:39', 5, 116.36556897492372, 39.970354401529946, 'Completed', NULL, ST_GeomFromText('POINT(116.362458 39.969129072615)'), ST_GeomFromText('POINT(116.365568974924 39.9703544015299)'), '2024-05-14 16:46:31', '京A72822', '铁道党校', '北三环中路43号院');
INSERT INTO `carpool_group` VALUES (148, 41, 116.36245899999993, 39.9690900726183, '2024-05-14 16:50:22', 5, 116.36615736221742, 39.97004422477619, 'Completed', NULL, ST_GeomFromText('POINT(116.362459 39.9690900726183)'), ST_GeomFromText('POINT(116.366157362217 39.9700442247762)'), '2024-05-14 16:53:13', '京A72822', '铁道党校', '北三环中路43号院');
INSERT INTO `carpool_group` VALUES (149, 41, 116.36245999999993, 39.96910207261728, '2024-05-14 16:55:12', 5, 116.36699375663837, 39.969594216118715, 'Completed', NULL, ST_GeomFromText('POINT(116.36246 39.9691020726173)'), ST_GeomFromText('POINT(116.366993756638 39.9695942161187)'), '2024-05-14 16:57:01', '京A72822', '铁道党校', '月季园小区');
INSERT INTO `carpool_group` VALUES (150, 41, 116.36245999999993, 39.96910707261687, '2024-05-14 16:59:23', 5, 116.36514457592409, 39.97029557554854, 'Completed', NULL, ST_GeomFromText('POINT(116.36246 39.9691070726169)'), ST_GeomFromText('POINT(116.365144575924 39.9702955755485)'), '2024-05-14 17:02:13', '京A72822', '铁道党校', '北三环中路43号院');
INSERT INTO `carpool_group` VALUES (151, 41, 116.36246799999994, 39.96911607261611, '2024-05-14 17:02:45', 5, 116.36569645177705, 39.97044183745021, 'Completed', NULL, ST_GeomFromText('POINT(116.362468 39.9691160726161)'), ST_GeomFromText('POINT(116.365696451777 39.9704418374502)'), '2024-05-14 17:05:37', '京A72822', '铁道党校', '北三环中路43号院');
INSERT INTO `carpool_group` VALUES (152, 41, 116.36130998094816, 39.96825304116541, '2024-05-14 17:07:23', 5, 116.36534772245298, 39.97085436173292, 'Completed', NULL, ST_GeomFromText('POINT(116.361309980948 39.9682530411654)'), ST_GeomFromText('POINT(116.365347722453 39.9708543617329)'), '2024-05-14 17:10:14', '京A72822', '中视云投大厦', '北三环中路43号院');
INSERT INTO `carpool_group` VALUES (153, 41, 116.36246399999995, 39.969124072615436, '2024-05-14 17:10:24', 5, 116.3669139829586, 39.968953328700714, 'Completed', NULL, ST_GeomFromText('POINT(116.362464 39.9691240726154)'), ST_GeomFromText('POINT(116.366913982959 39.9689533287007)'), '2024-05-14 17:13:16', '京A72822', '铁道党校', '月季园小区');
INSERT INTO `carpool_group` VALUES (154, 41, 116.36330439449182, 39.96867884182312, '2024-05-14 17:13:25', 5, 116.36769021695464, 39.9705883943071, 'Completed', NULL, ST_GeomFromText('POINT(116.363304394492 39.9686788418231)'), ST_GeomFromText('POINT(116.367690216955 39.9705883943071)'), '2024-05-14 17:16:18', '京A72822', '中国工商银行(北京北太平庄支行)', '牡丹园');
INSERT INTO `carpool_group` VALUES (155, 41, 116.36247999999993, 39.96912307261553, '2024-05-14 17:25:02', 5, 116.36691380075571, 39.9714267193818, 'Completed', NULL, ST_GeomFromText('POINT(116.36248 39.9691230726155)'), ST_GeomFromText('POINT(116.366913800756 39.9714267193818)'), '2024-05-14 17:26:54', '京A72822', '铁道党校', '北三环中路43号院');
INSERT INTO `carpool_group` VALUES (159, 41, 116.36249199999995, 39.969093072618044, '2024-05-14 17:53:43', 5, 116.3646166410202, 39.970469960163236, 'Completed', NULL, ST_GeomFromText('POINT(116.362492 39.969093072618)'), ST_GeomFromText('POINT(116.36461664102 39.9704699601632)'), '2024-05-14 17:56:36', '京A72822', '铁道党校', '北三环中路43号院');
INSERT INTO `carpool_group` VALUES (161, 41, 116.36247199999993, 39.96912007261578, '2024-05-14 18:07:50', 5, 116.36642217976411, 39.96881850089238, 'Completed', NULL, ST_GeomFromText('POINT(116.362472 39.9691200726158)'), ST_GeomFromText('POINT(116.366422179764 39.9688185008924)'), '2024-05-14 18:11:42', '京A72822', '铁道党校', '月季园小区');
INSERT INTO `carpool_group` VALUES (162, 41, 116.3628991793163, 39.96882637361222, '2024-05-14 18:17:58', 5, 116.366374925691, 39.96978266294261, 'Completed', NULL, ST_GeomFromText('POINT(116.362899179316 39.9688263736122)'), ST_GeomFromText('POINT(116.366374925691 39.9697826629426)'), '2024-05-14 18:20:49', '京A72822', '铁道党校', '月季园小区');
INSERT INTO `carpool_group` VALUES (163, 41, 116.36301147386055, 39.96921714501012, '2024-05-14 18:23:19', 5, 116.36555382301611, 39.970153587956666, 'Completed', NULL, ST_GeomFromText('POINT(116.363011473861 39.9692171450101)'), ST_GeomFromText('POINT(116.365553823016 39.9701535879567)'), '2024-05-14 18:25:11', '京A72822', '中国工商银行(北京北太平庄支行)', '北三环中路43号院');
INSERT INTO `carpool_group` VALUES (164, 41, 116.36247199999993, 39.969108072616784, '2024-05-14 18:57:03', 5, 116.36647517025187, 39.97002802517746, 'Completed', NULL, ST_GeomFromText('POINT(116.362472 39.9691080726168)'), ST_GeomFromText('POINT(116.366475170252 39.9700280251775)'), '2024-05-14 18:59:51', '京A72822', '铁道党校', '北三环中路43号院');
INSERT INTO `carpool_group` VALUES (165, 41, 116.36141352315674, 39.96731950651905, '2024-05-14 20:41:47', 5, 116.37301339542633, 39.97508144505087, 'Completed', NULL, ST_GeomFromText('POINT(116.361413523157 39.967319506519)'), ST_GeomFromText('POINT(116.373013395426 39.9750814450509)'), '2024-05-14 20:45:33', '京A72822', '中央新闻纪录电影制片厂(北京国都医院西)', '牡丹园');
INSERT INTO `carpool_group` VALUES (166, 41, 116.36166021160923, 39.967581304624694, '2024-05-14 20:52:49', 2, 116.36890100859804, 39.97268259628188, 'Completed', NULL, ST_GeomFromText('POINT(116.361660211609 39.9675813046247)'), ST_GeomFromText('POINT(116.368901008598 39.9726825962819)'), '2024-05-14 20:55:08', '京A66666', '中央新闻纪录电影制片厂(北京国都医院西)', '冠城北园');
INSERT INTO `carpool_group` VALUES (167, 41, 116.36180591811079, 39.96877285457229, '2024-05-15 01:32:03', 4, 116.3668518265623, 39.97050781096872, 'Completed', NULL, ST_GeomFromText('POINT(116.361805918111 39.9687728545723)'), ST_GeomFromText('POINT(116.366851826562 39.9705078109687)'), '2024-05-15 01:33:54', '京A36278', '牡丹园', '北三环中路43号院');
INSERT INTO `carpool_group` VALUES (168, 41, 116.36224699999994, 39.96760107274344, '2024-05-15 09:16:50', 2, 116.36592795768605, 39.97089207632082, 'Completed', NULL, ST_GeomFromText('POINT(116.362247 39.9676010727434)'), ST_GeomFromText('POINT(116.365927957686 39.9708920763208)'), '2024-05-15 09:19:42', '京A66666', '远望楼宾馆', '北三环中路43号院');
INSERT INTO `carpool_group` VALUES (169, 41, 116.36209057502778, 39.96714691186165, '2024-05-15 09:51:07', 5, 116.366479449384, 39.970323199492896, 'Completed', NULL, ST_GeomFromText('POINT(116.362090575028 39.9671469118616)'), ST_GeomFromText('POINT(116.366479449384 39.9703231994929)'), '2024-05-15 09:54:42', '京A72822', '远望楼宾馆', '北三环中路43号院');

-- ----------------------------
-- Table structure for carpool_request
-- ----------------------------
DROP TABLE IF EXISTS `carpool_request`;
CREATE TABLE `carpool_request`  (
  `idCarpoolRequest` int NOT NULL AUTO_INCREMENT,
  `idCarpooler` int NOT NULL,
  `originLongitude` double NOT NULL,
  `originLatitude` double NOT NULL,
  `time` datetime NOT NULL,
  `destinationLongitude` double NOT NULL,
  `destinationLatitude` double NOT NULL,
  `idCarpoolGroup` int NULL DEFAULT NULL,
  `status` varchar(45) CHARACTER SET utf8mb4 COLLATE utf8mb4_0900_ai_ci NULL DEFAULT NULL,
  `originName` varchar(45) CHARACTER SET utf8mb4 COLLATE utf8mb4_0900_ai_ci NULL DEFAULT NULL,
  `destinationName` varchar(45) CHARACTER SET utf8mb4 COLLATE utf8mb4_0900_ai_ci NULL DEFAULT NULL,
  `originPoint` point NOT NULL,
  `destinationPoint` point NOT NULL,
  `departureTime` datetime NULL DEFAULT NULL,
  `idOrganization` int NULL DEFAULT NULL,
  PRIMARY KEY (`idCarpoolRequest`) USING BTREE,
  INDEX `idCarpooler`(`idCarpooler` ASC) USING BTREE,
  INDEX `idCarpoolGroup`(`idCarpoolGroup` ASC) USING BTREE,
  SPATIAL INDEX `idx_origin`(`originPoint`),
  SPATIAL INDEX `idx_destination`(`destinationPoint`),
  CONSTRAINT `carpool_request_ibfk_1` FOREIGN KEY (`idCarpooler`) REFERENCES `carpooler` (`idCarpooler`) ON DELETE RESTRICT ON UPDATE RESTRICT,
  CONSTRAINT `carpool_request_ibfk_2` FOREIGN KEY (`idCarpoolGroup`) REFERENCES `carpool_group` (`idCarpoolGroup`) ON DELETE RESTRICT ON UPDATE RESTRICT
) ENGINE = InnoDB AUTO_INCREMENT = 225 CHARACTER SET = utf8mb4 COLLATE = utf8mb4_0900_ai_ci ROW_FORMAT = Dynamic;

-- ----------------------------
-- Records of carpool_request
-- ----------------------------
INSERT INTO `carpool_request` VALUES (19, 6, 119.29123976680495, 26.088683237956875, '2024-02-19 11:03:41', 119.31073978100306, 26.090019616408384, NULL, 'InProgress', '三坊七巷', '运管大楼', ST_GeomFromText('POINT(119.291239766805 26.0886832379569)'), ST_GeomFromText('POINT(119.310739781003 26.0900196164084)'), NULL, NULL);
INSERT INTO `carpool_request` VALUES (29, 25, 119.26054983040494, 26.075198087895927, '2024-02-24 17:38:29', 119.26700021901716, 26.08094713369758, 109, 'InProgress', '融侨锦江悦府花园', '长春花园', ST_GeomFromText('POINT(119.260549830405 26.0751980878959)'), ST_GeomFromText('POINT(119.267000219017 26.0809471336976)'), NULL, NULL);
INSERT INTO `carpool_request` VALUES (31, 32, 119.29265154571358, 26.076738774978818, '2024-02-24 17:39:52', 119.31743275126036, 26.08278987839644, 109, 'Pending', '黎明湖公园', '三坊七巷', ST_GeomFromText('POINT(119.292651545714 26.0767387749788)'), ST_GeomFromText('POINT(119.31743275126 26.0827898783964)'), NULL, NULL);
INSERT INTO `carpool_request` VALUES (32, 33, 119.25349364026903, 26.080789424687875, '2024-02-24 17:40:10', 119.2569820609228, 26.0923353324408, 107, 'Rejected', '高安里新村', '仁文大儒世家绿园', ST_GeomFromText('POINT(119.253493640269 26.0807894246879)'), ST_GeomFromText('POINT(119.256982060923 26.0923353324408)'), NULL, NULL);
INSERT INTO `carpool_request` VALUES (33, 34, 119.2915645062818, 26.071343012414296, '2024-02-24 17:41:13', 119.29652050620594, 26.092543188117773, 107, 'Pending', '西洋新村-47栋', '锦绣华庭', ST_GeomFromText('POINT(119.291564506282 26.0713430124143)'), ST_GeomFromText('POINT(119.296520506206 26.0925431881178)'), NULL, NULL);
INSERT INTO `carpool_request` VALUES (34, 6, 119.25735942728588, 26.08256980161317, '2024-02-27 14:48:12', 119.26140041892845, 26.084778237308605, NULL, 'InProgress', '金牛山互联网产业园', '金牛山互联网产业园24号楼', ST_GeomFromText('POINT(119.257359427286 26.0825698016132)'), ST_GeomFromText('POINT(119.261400418928 26.0847782373086)'), NULL, NULL);
INSERT INTO `carpool_request` VALUES (35, 6, 119.25787199999999, 26.07882698908471, '2024-02-27 14:49:31', 119.26171366488205, 26.084289780321683, 101, 'InProgress', '碧水源', '蓝建公寓', ST_GeomFromText('POINT(119.257872 26.0788269890847)'), ST_GeomFromText('POINT(119.261713664882 26.0842897803217)'), NULL, NULL);
INSERT INTO `carpool_request` VALUES (36, 6, 119.25781299999998, 26.078945989082065, '2024-02-27 14:51:12', 119.26173920522325, 26.084134686554336, 109, 'InProgress', '碧水源', '蓝建公寓', ST_GeomFromText('POINT(119.257813 26.0789459890821)'), ST_GeomFromText('POINT(119.261739205223 26.0841346865543)'), NULL, NULL);
INSERT INTO `carpool_request` VALUES (37, 6, 119.25786999999997, 26.078880989083515, '2024-02-27 15:00:21', 119.26220027184844, 26.08277837934807, NULL, 'InProgress', '碧水源', '印江山商务办公楼', ST_GeomFromText('POINT(119.25787 26.0788809890835)'), ST_GeomFromText('POINT(119.262200271848 26.0827783793481)'), NULL, NULL);
INSERT INTO `carpool_request` VALUES (38, 6, 119.25774699999997, 26.078902989083023, '2024-02-27 15:02:39', 119.26134530399653, 26.08453280618281, NULL, 'InProgress', '碧水源', '蓝建公寓', ST_GeomFromText('POINT(119.257747 26.078902989083)'), ST_GeomFromText('POINT(119.261345303997 26.0845328061828)'), NULL, NULL);
INSERT INTO `carpool_request` VALUES (39, 6, 119.25783599999997, 26.07882798908469, '2024-02-27 15:05:03', 119.26245114427265, 26.08599945989351, NULL, 'InProgress', '碧水源', '', ST_GeomFromText('POINT(119.257836 26.0788279890847)'), ST_GeomFromText('POINT(119.262451144273 26.0859994598935)'), NULL, NULL);
INSERT INTO `carpool_request` VALUES (40, 34, 119.25710050045153, 26.08247836228368, '2024-02-27 19:52:07', 119.27834013873048, 26.080615903685576, NULL, 'Pending', '金牛山互联网产业园', '金牛山公园游乐场', ST_GeomFromText('POINT(119.257100500452 26.0824783622837)'), ST_GeomFromText('POINT(119.27834013873 26.0806159036856)'), NULL, NULL);
INSERT INTO `carpool_request` VALUES (41, 6, 119.25787399999997, 26.078867989083804, '2024-02-27 19:52:47', 119.29016349815271, 26.088333303547856, NULL, 'InProgress', '碧水源', '福道-樱花园', ST_GeomFromText('POINT(119.257874 26.0788679890838)'), ST_GeomFromText('POINT(119.290163498153 26.0883333035479)'), NULL, NULL);
INSERT INTO `carpool_request` VALUES (42, 34, 119.3118692322338, 26.082883122887445, '2024-02-27 19:54:06', 119.30678895555455, 26.09935165831164, NULL, 'Pending', '晋安区广播电视局宿舍', '建总康桥里', ST_GeomFromText('POINT(119.311869232234 26.0828831228874)'), ST_GeomFromText('POINT(119.306788955555 26.0993516583116)'), NULL, NULL);
INSERT INTO `carpool_request` VALUES (43, 34, 119.25779899999998, 26.078956989081814, '2024-02-27 19:56:26', 119.27072632319134, 26.082933573483, NULL, 'Pending', '碧水源', '印江山商务办公楼', ST_GeomFromText('POINT(119.257799 26.0789569890818)'), ST_GeomFromText('POINT(119.270726323191 26.082933573483)'), NULL, NULL);
INSERT INTO `carpool_request` VALUES (44, 34, 119.25797299999998, 26.07876298908613, '2024-02-27 19:59:46', 119.26502272861046, 26.082625568367952, NULL, 'Pending', '碧水源', '印江山商务办公楼', ST_GeomFromText('POINT(119.257973 26.0787629890861)'), ST_GeomFromText('POINT(119.26502272861 26.082625568368)'), NULL, NULL);
INSERT INTO `carpool_request` VALUES (45, 34, 119.25778099999998, 26.078966989081596, '2024-02-27 20:06:16', 119.26570144159712, 26.08173120431807, NULL, 'Pending', '碧水源', '金牛山互联网产业园', ST_GeomFromText('POINT(119.257781 26.0789669890816)'), ST_GeomFromText('POINT(119.265701441597 26.0817312043181)'), NULL, NULL);
INSERT INTO `carpool_request` VALUES (46, 34, 119.25782899999997, 26.07888898908332, '2024-02-27 20:07:31', 119.26701678707333, 26.082860882044177, NULL, 'Pending', '碧水源', '印江山商务办公楼', ST_GeomFromText('POINT(119.257829 26.0788889890833)'), ST_GeomFromText('POINT(119.267016787073 26.0828608820442)'), NULL, NULL);
INSERT INTO `carpool_request` VALUES (47, 34, 119.25776399999997, 26.078955989081837, '2024-02-27 20:10:24', 119.26932505529307, 26.08077293953044, NULL, 'Pending', '碧水源', '汇川科技大楼', ST_GeomFromText('POINT(119.257764 26.0789559890818)'), ST_GeomFromText('POINT(119.269325055293 26.0807729395304)'), NULL, NULL);
INSERT INTO `carpool_request` VALUES (48, 34, 119.25776399999997, 26.078955989081837, '2024-02-27 20:10:42', 119.27119618470951, 26.082582633176806, NULL, 'Pending', '碧水源', '印江山商务办公楼', ST_GeomFromText('POINT(119.257764 26.0789559890818)'), ST_GeomFromText('POINT(119.27119618471 26.0825826331768)'), NULL, NULL);
INSERT INTO `carpool_request` VALUES (49, 34, 119.25774299999998, 26.078886989083383, '2024-02-27 20:13:12', 119.26776303470763, 26.08301524355596, NULL, 'Pending', '碧水源', '印江山商务办公楼', ST_GeomFromText('POINT(119.257743 26.0788869890834)'), ST_GeomFromText('POINT(119.267763034708 26.083015243556)'), NULL, NULL);
INSERT INTO `carpool_request` VALUES (50, 34, 119.25794599999998, 26.078830989084622, '2024-02-27 20:14:20', 119.26548935359521, 26.082052697405985, 48, 'Pending', '碧水源', '金牛山互联网产业园', ST_GeomFromText('POINT(119.257946 26.0788309890846)'), ST_GeomFromText('POINT(119.265489353595 26.082052697406)'), NULL, NULL);
INSERT INTO `carpool_request` VALUES (51, 34, 119.26648321187128, 26.082474009725264, '2024-02-27 20:19:44', 119.27765920533353, 26.080550363493963, NULL, 'Pending', '福州市儿童福利院', '菜鸟驿站(福州大学至诚学院店)', ST_GeomFromText('POINT(119.266483211871 26.0824740097253)'), ST_GeomFromText('POINT(119.277659205334 26.080550363494)'), NULL, NULL);
INSERT INTO `carpool_request` VALUES (52, 34, 119.25785599999998, 26.07891898908266, '2024-02-27 20:21:27', 119.27009187300533, 26.08026076887559, NULL, 'Pending', '碧水源', '山姆会员商店(杨桥西路店)', ST_GeomFromText('POINT(119.257856 26.0789189890827)'), ST_GeomFromText('POINT(119.270091873005 26.0802607688756)'), NULL, NULL);
INSERT INTO `carpool_request` VALUES (53, 34, 119.25777799999999, 26.078831989084602, '2024-02-27 20:25:36', 119.27475476990934, 26.080981806986415, NULL, 'Pending', '碧水源', '长春铺', ST_GeomFromText('POINT(119.257778 26.0788319890846)'), ST_GeomFromText('POINT(119.274754769909 26.0809818069864)'), NULL, NULL);
INSERT INTO `carpool_request` VALUES (54, 34, 119.25773899999997, 26.07888998908331, '2024-02-27 20:27:35', 119.26823512206401, 26.082591207819213, NULL, 'Pending', '碧水源', '金牛山互联网产业园', ST_GeomFromText('POINT(119.257739 26.0788899890833)'), ST_GeomFromText('POINT(119.268235122064 26.0825912078192)'), NULL, NULL);
INSERT INTO `carpool_request` VALUES (55, 34, 119.25788699999998, 26.078835989084507, '2024-02-27 20:32:57', 119.27002836055938, 26.080888301226963, NULL, 'Pending', '碧水源', '长春铺', ST_GeomFromText('POINT(119.257887 26.0788359890845)'), ST_GeomFromText('POINT(119.270028360559 26.080888301227)'), NULL, NULL);
INSERT INTO `carpool_request` VALUES (56, 34, 119.25786099999998, 26.078968989081552, '2024-02-27 20:33:47', 119.26508871175638, 26.082654996243665, NULL, 'Pending', '碧水源', '印江山商务办公楼', ST_GeomFromText('POINT(119.257861 26.0789689890816)'), ST_GeomFromText('POINT(119.265088711756 26.0826549962437)'), NULL, NULL);
INSERT INTO `carpool_request` VALUES (57, 34, 119.25779999999997, 26.07892198908259, '2024-02-27 20:42:21', 119.26550170055687, 26.082699467710395, NULL, 'Pending', '碧水源', '印江山商务办公楼', ST_GeomFromText('POINT(119.2578 26.0789219890826)'), ST_GeomFromText('POINT(119.265501700557 26.0826994677104)'), NULL, NULL);
INSERT INTO `carpool_request` VALUES (58, 34, 119.25791499999997, 26.078831989084602, '2024-02-27 20:49:19', 119.26709876693614, 26.081846042093318, NULL, 'Pending', '碧水源', '金牛山互联网产业园', ST_GeomFromText('POINT(119.257915 26.0788319890846)'), ST_GeomFromText('POINT(119.267098766936 26.0818460420933)'), NULL, NULL);
INSERT INTO `carpool_request` VALUES (59, 34, 119.25781699999997, 26.078857989084025, '2024-02-27 20:51:26', 119.28674262946039, 26.081488656131448, NULL, 'Pending', '碧水源', '调度中心大楼', ST_GeomFromText('POINT(119.257817 26.078857989084)'), ST_GeomFromText('POINT(119.28674262946 26.0814886561314)'), NULL, NULL);
INSERT INTO `carpool_request` VALUES (60, 34, 119.25773799999997, 26.078890989083288, '2024-02-27 20:52:30', 119.26505700690555, 26.082197329159236, NULL, 'Pending', '碧水源', '金牛山互联网产业园', ST_GeomFromText('POINT(119.257738 26.0788909890833)'), ST_GeomFromText('POINT(119.265057006906 26.0821973291592)'), NULL, NULL);
INSERT INTO `carpool_request` VALUES (61, 34, 119.25788000016595, 26.076669370212223, '2024-02-27 21:06:07', 119.26710244608203, 26.08148214837366, NULL, 'Pending', '金牛山高校住宅小区-6号楼', '调度中心大楼', ST_GeomFromText('POINT(119.257880000166 26.0766693702122)'), ST_GeomFromText('POINT(119.267102446082 26.0814821483737)'), NULL, NULL);
INSERT INTO `carpool_request` VALUES (62, 34, 119.25792399999997, 26.07884798908424, '2024-02-27 21:06:42', 119.26484994999251, 26.084289139311647, NULL, 'Pending', '碧水源', '蓝建公寓', ST_GeomFromText('POINT(119.257924 26.0788479890842)'), ST_GeomFromText('POINT(119.264849949993 26.0842891393116)'), NULL, NULL);
INSERT INTO `carpool_request` VALUES (63, 34, 119.256763034077, 26.079526207644225, '2024-02-27 21:07:13', 119.26274040513634, 26.082810933163174, NULL, 'Pending', '金牛山公园游乐场', '万物欢喜', ST_GeomFromText('POINT(119.256763034077 26.0795262076442)'), ST_GeomFromText('POINT(119.262740405136 26.0828109331632)'), NULL, NULL);
INSERT INTO `carpool_request` VALUES (64, 33, 119.26095461499702, 26.075888255817656, '2024-02-27 21:46:54', 119.26782156642496, 26.082608739465066, NULL, 'Rejected', '融侨锦江悦府花园', '怡山西凤食苑', ST_GeomFromText('POINT(119.260954614997 26.0758882558177)'), ST_GeomFromText('POINT(119.267821566425 26.0826087394651)'), NULL, NULL);
INSERT INTO `carpool_request` VALUES (65, 34, 119.26240135506299, 26.084191074261096, '2024-02-27 21:47:13', 119.27034246967474, 26.08380919020794, NULL, 'Pending', '', '', ST_GeomFromText('POINT(119.262401355063 26.0841910742611)'), ST_GeomFromText('POINT(119.270342469675 26.0838091902079)'), NULL, NULL);
INSERT INTO `carpool_request` VALUES (66, 33, 119.25785599999998, 26.078868989083773, '2024-02-27 21:48:20', 119.26472414712397, 26.08122486623551, 63, 'Rejected', '碧水源', '长春铺', ST_GeomFromText('POINT(119.257856 26.0788689890838)'), ST_GeomFromText('POINT(119.264724147124 26.0812248662355)'), NULL, NULL);
INSERT INTO `carpool_request` VALUES (67, 34, 119.25776599999999, 26.07897098908151, '2024-02-27 21:48:52', 119.26490454451495, 26.082331289077597, NULL, 'Pending', '碧水源', '金牛山互联网产业园', ST_GeomFromText('POINT(119.257766 26.0789709890815)'), ST_GeomFromText('POINT(119.264904544515 26.0823312890776)'), NULL, NULL);
INSERT INTO `carpool_request` VALUES (68, 33, 119.25774199999996, 26.078966989081596, '2024-02-27 21:48:59', 119.26585572547262, 26.082174969766996, 64, 'Rejected', '碧水源', '金牛山互联网产业园', ST_GeomFromText('POINT(119.257742 26.0789669890816)'), ST_GeomFromText('POINT(119.265855725473 26.082174969767)'), NULL, NULL);
INSERT INTO `carpool_request` VALUES (69, 33, 119.25737339284461, 26.0829094034337, '2024-02-27 21:50:02', 119.28216082121868, 26.0851959436477, NULL, 'Rejected', '金牛山互联网产业园', '', ST_GeomFromText('POINT(119.257373392845 26.0829094034337)'), ST_GeomFromText('POINT(119.282160821219 26.0851959436477)'), NULL, NULL);
INSERT INTO `carpool_request` VALUES (70, 34, 119.26494059225091, 26.080467165146292, '2024-02-27 21:50:13', 119.28074334340783, 26.083775409934177, 66, 'Pending', '建林玻璃装璜', '恒晟茶业', ST_GeomFromText('POINT(119.264940592251 26.0804671651463)'), ST_GeomFromText('POINT(119.280743343408 26.0837754099342)'), NULL, NULL);
INSERT INTO `carpool_request` VALUES (71, 33, 119.25772499999998, 26.078917989082687, '2024-02-27 21:52:24', 119.26449766182895, 26.081626139128247, 67, 'Rejected', '碧水源', '长春铺', ST_GeomFromText('POINT(119.257725 26.0789179890827)'), ST_GeomFromText('POINT(119.264497661829 26.0816261391282)'), NULL, NULL);
INSERT INTO `carpool_request` VALUES (72, 34, 119.25790899999997, 26.078834989084537, '2024-02-27 21:52:30', 119.26436157910815, 26.08203670826486, 67, 'Pending', '碧水源', '金牛山互联网产业园', ST_GeomFromText('POINT(119.257909 26.0788349890845)'), ST_GeomFromText('POINT(119.264361579108 26.0820367082649)'), NULL, NULL);
INSERT INTO `carpool_request` VALUES (75, 34, 119.25800399999997, 26.07879798908536, '2024-02-27 22:03:21', 119.30607583361612, 26.093007203788922, 68, 'Pending', '世纪佳源', '福建经济学校', ST_GeomFromText('POINT(119.258004 26.0787979890854)'), ST_GeomFromText('POINT(119.306075833616 26.0930072037889)'), NULL, NULL);
INSERT INTO `carpool_request` VALUES (76, 33, 119.25832061142394, 26.076117291400394, '2024-02-27 22:03:23', 119.30593445118065, 26.094396204002155, 68, 'Rejected', '福州首开中庚聚龙精选酒店', '瑞达花园', ST_GeomFromText('POINT(119.258320611424 26.0761172914004)'), ST_GeomFromText('POINT(119.305934451181 26.0943962040022)'), NULL, NULL);
INSERT INTO `carpool_request` VALUES (77, 34, 119.25788999999997, 26.07887098908373, '2024-02-27 22:07:08', 119.30210690135829, 26.089915483576764, 69, 'Pending', '碧水源', '梁厝路未命名宿舍小区1号楼', ST_GeomFromText('POINT(119.25789 26.0788709890837)'), ST_GeomFromText('POINT(119.302106901358 26.0899154835768)'), NULL, NULL);
INSERT INTO `carpool_request` VALUES (78, 33, 119.25790796748839, 26.082648684923566, '2024-02-27 22:07:10', 119.30938539613675, 26.09132139274618, NULL, 'Rejected', '印江山商务办公楼', '福州文博中学', ST_GeomFromText('POINT(119.257907967488 26.0826486849236)'), ST_GeomFromText('POINT(119.309385396137 26.0913213927462)'), NULL, NULL);
INSERT INTO `carpool_request` VALUES (79, 34, 119.25793399999999, 26.07887498908364, '2024-02-27 22:11:49', 119.30127851108399, 26.091911571859445, 70, 'Pending', '碧水源', '福州文博中学', ST_GeomFromText('POINT(119.257934 26.0788749890836)'), ST_GeomFromText('POINT(119.301278511084 26.0919115718594)'), NULL, NULL);
INSERT INTO `carpool_request` VALUES (80, 33, 119.25740170619808, 26.08059996604125, '2024-02-27 22:11:51', 119.30595285769388, 26.091469446588494, 70, 'Rejected', '金牛山公园游乐场', '福州文博中学', ST_GeomFromText('POINT(119.257401706198 26.0805999660413)'), ST_GeomFromText('POINT(119.305952857694 26.0914694465885)'), NULL, NULL);
INSERT INTO `carpool_request` VALUES (81, 34, 119.25791599999998, 26.07885198908415, '2024-02-27 22:17:33', 119.30600980810897, 26.0925764766184, 71, 'Pending', '碧水源', '福建经济学校', ST_GeomFromText('POINT(119.257916 26.0788519890841)'), ST_GeomFromText('POINT(119.306009808109 26.0925764766184)'), NULL, NULL);
INSERT INTO `carpool_request` VALUES (82, 33, 119.25779999999997, 26.078945989082065, '2024-02-27 22:17:35', 119.3126030181447, 26.09170909198546, 71, 'Rejected', '碧水源', '福州文博中学', ST_GeomFromText('POINT(119.2578 26.0789459890821)'), ST_GeomFromText('POINT(119.312603018145 26.0917090919855)'), NULL, NULL);
INSERT INTO `carpool_request` VALUES (83, 34, 119.25795499999998, 26.078857989084025, '2024-02-27 22:20:02', 119.26533828166043, 26.082701916953678, 72, 'Pending', '碧水源', '印江山商务办公楼', ST_GeomFromText('POINT(119.257955 26.078857989084)'), ST_GeomFromText('POINT(119.26533828166 26.0827019169537)'), NULL, NULL);
INSERT INTO `carpool_request` VALUES (84, 33, 119.25780399999996, 26.078965989081617, '2024-02-27 22:20:04', 119.26453196951933, 26.08256002474859, 72, 'Rejected', '碧水源', '印江山商务办公楼', ST_GeomFromText('POINT(119.257804 26.0789659890816)'), ST_GeomFromText('POINT(119.264531969519 26.0825600247486)'), NULL, NULL);
INSERT INTO `carpool_request` VALUES (85, 34, 119.25797499999999, 26.078823989084782, '2024-02-27 22:25:36', 119.26219068691216, 26.082006565995872, NULL, 'Pending', '碧水源', '金牛山互联网产业园', ST_GeomFromText('POINT(119.257975 26.0788239890848)'), ST_GeomFromText('POINT(119.262190686912 26.0820065659959)'), NULL, NULL);
INSERT INTO `carpool_request` VALUES (86, 33, 119.25786699999998, 26.078799989085308, '2024-02-27 22:25:41', 119.26253669577675, 26.081918000445032, 73, 'Rejected', '碧水源', '金牛山互联网产业园', ST_GeomFromText('POINT(119.257867 26.0787999890853)'), ST_GeomFromText('POINT(119.262536695777 26.081918000445)'), NULL, NULL);
INSERT INTO `carpool_request` VALUES (87, 34, 119.25782299999997, 26.07888898908332, '2024-02-27 22:28:56', 119.26418288487083, 26.083999286071194, 74, 'Pending', '碧水源', '蓝建公寓', ST_GeomFromText('POINT(119.257823 26.0788889890833)'), ST_GeomFromText('POINT(119.264182884871 26.0839992860712)'), NULL, NULL);
INSERT INTO `carpool_request` VALUES (88, 33, 119.25779299999998, 26.07889398908322, '2024-02-27 22:29:02', 119.26375581820321, 26.082589567150485, 74, 'Rejected', '碧水源', '印江山商务办公楼', ST_GeomFromText('POINT(119.257793 26.0788939890832)'), ST_GeomFromText('POINT(119.263755818203 26.0825895671505)'), NULL, NULL);
INSERT INTO `carpool_request` VALUES (89, 34, 119.25773617617745, 26.07908079984342, '2024-02-27 22:31:45', 119.30631777301348, 26.09103269745326, 75, 'Pending', '上海浦东发展银行(福州碧水源社区支行)', '福州文博中学', ST_GeomFromText('POINT(119.257736176177 26.0790807998434)'), ST_GeomFromText('POINT(119.306317773013 26.0910326974533)'), NULL, NULL);
INSERT INTO `carpool_request` VALUES (90, 33, 119.25789599999997, 26.078792989085475, '2024-02-27 22:31:47', 119.30980344078237, 26.09224301057404, 75, 'Rejected', '碧水源', '福州文博中学', ST_GeomFromText('POINT(119.257896 26.0787929890855)'), ST_GeomFromText('POINT(119.309803440782 26.092243010574)'), NULL, NULL);
INSERT INTO `carpool_request` VALUES (91, 34, 119.25780199999997, 26.078912989082795, '2024-02-27 22:39:52', 119.26296408085896, 26.082626202706564, 76, 'Pending', '碧水源', '印江山商务办公楼', ST_GeomFromText('POINT(119.257802 26.0789129890828)'), ST_GeomFromText('POINT(119.262964080859 26.0826262027066)'), NULL, NULL);
INSERT INTO `carpool_request` VALUES (92, 33, 119.25779799999997, 26.078900989083063, '2024-02-27 22:39:55', 119.26440469362073, 26.08160488266651, 76, 'Rejected', '碧水源', '长春铺工业园区', ST_GeomFromText('POINT(119.257798 26.0789009890831)'), ST_GeomFromText('POINT(119.264404693621 26.0816048826665)'), NULL, NULL);
INSERT INTO `carpool_request` VALUES (93, 34, 119.257866, 26.078839989084415, '2024-02-27 22:40:39', 119.26327036936344, 26.08352934998253, NULL, 'Pending', '碧水源', '印江山', ST_GeomFromText('POINT(119.257866 26.0788399890844)'), ST_GeomFromText('POINT(119.263270369363 26.0835293499825)'), NULL, NULL);
INSERT INTO `carpool_request` VALUES (94, 34, 119.25788299999998, 26.07884298908435, '2024-02-27 22:41:09', 119.26226812826575, 26.08275666932996, 77, 'Pending', '碧水源', '印江山商务办公楼', ST_GeomFromText('POINT(119.257883 26.0788429890844)'), ST_GeomFromText('POINT(119.262268128266 26.08275666933)'), NULL, NULL);
INSERT INTO `carpool_request` VALUES (95, 33, 119.25787699999997, 26.07884798908424, '2024-02-27 22:41:13', 119.26326950815194, 26.08239540235156, 77, 'Rejected', '碧水源', '金牛山互联网产业园', ST_GeomFromText('POINT(119.257877 26.0788479890842)'), ST_GeomFromText('POINT(119.263269508152 26.0823954023516)'), NULL, NULL);
INSERT INTO `carpool_request` VALUES (96, 34, 119.25788899999996, 26.078790989085515, '2024-02-27 22:42:00', 119.2619598854566, 26.082997436588318, NULL, 'Pending', '碧水源', '印江山商务办公楼', ST_GeomFromText('POINT(119.257889 26.0787909890855)'), ST_GeomFromText('POINT(119.261959885457 26.0829974365883)'), NULL, NULL);
INSERT INTO `carpool_request` VALUES (97, 33, 119.25781699999997, 26.078909989082867, '2024-02-27 22:42:04', 119.26127605689821, 26.084519533050162, NULL, 'Rejected', '碧水源', '蓝建公寓', ST_GeomFromText('POINT(119.257817 26.0789099890829)'), ST_GeomFromText('POINT(119.261276056898 26.0845195330502)'), NULL, NULL);
INSERT INTO `carpool_request` VALUES (98, 34, 119.257866, 26.07887498908364, '2024-02-27 22:42:50', 119.26366589710423, 26.08203222908216, 79, 'Pending', '碧水源', '金牛山互联网产业园', ST_GeomFromText('POINT(119.257866 26.0788749890836)'), ST_GeomFromText('POINT(119.263665897104 26.0820322290822)'), NULL, NULL);
INSERT INTO `carpool_request` VALUES (99, 33, 119.25782499999998, 26.078886989083383, '2024-02-27 22:42:54', 119.26292873895787, 26.08357238823146, NULL, 'Rejected', '碧水源', '印江山', ST_GeomFromText('POINT(119.257825 26.0788869890834)'), ST_GeomFromText('POINT(119.262928738958 26.0835723882315)'), NULL, NULL);
INSERT INTO `carpool_request` VALUES (100, 34, 119.25786499999997, 26.078810989085067, '2024-02-27 22:52:43', 119.26342174244242, 26.081278400745873, NULL, 'Pending', '碧水源', '长春铺', ST_GeomFromText('POINT(119.257865 26.0788109890851)'), ST_GeomFromText('POINT(119.263421742442 26.0812784007459)'), NULL, NULL);
INSERT INTO `carpool_request` VALUES (101, 25, 119.25784499999997, 26.07888898908332, '2024-02-27 22:52:48', 119.26314570949555, 26.08274871101521, NULL, 'InProgress', '碧水源', '印江山商务办公楼', ST_GeomFromText('POINT(119.257845 26.0788889890833)'), ST_GeomFromText('POINT(119.263145709496 26.0827487110152)'), NULL, NULL);
INSERT INTO `carpool_request` VALUES (102, 25, 119.25780999999999, 26.078908989082887, '2024-02-27 22:57:01', 119.26284126678459, 26.081981669961866, 83, 'InProgress', '碧水源', '金牛山互联网产业园', ST_GeomFromText('POINT(119.25781 26.0789089890829)'), ST_GeomFromText('POINT(119.262841266785 26.0819816699619)'), NULL, NULL);
INSERT INTO `carpool_request` VALUES (103, 34, 119.25786799999997, 26.07887498908364, '2024-02-27 22:57:05', 119.26468547872099, 26.082921618791747, NULL, 'Pending', '碧水源', '印江山商务办公楼', ST_GeomFromText('POINT(119.257868 26.0788749890836)'), ST_GeomFromText('POINT(119.264685478721 26.0829216187917)'), NULL, NULL);
INSERT INTO `carpool_request` VALUES (104, 6, 116.36791106259749, 39.97231872171345, '2024-02-29 20:02:58', 116.40272469583007, 39.94160975915874, NULL, 'InProgress', 'unknown location', 'unknown location', ST_GeomFromText('POINT(116.367911062597 39.9723187217134)'), ST_GeomFromText('POINT(116.40272469583 39.9416097591587)'), NULL, NULL);
INSERT INTO `carpool_request` VALUES (105, 6, 116.36247899999992, 39.9691470726135, '2024-02-29 20:04:19', 116.3687148242194, 39.972694166276746, NULL, 'InProgress', 'unknown location', 'unknown location', ST_GeomFromText('POINT(116.362479 39.9691470726135)'), ST_GeomFromText('POINT(116.368714824219 39.9726941662767)'), NULL, NULL);
INSERT INTO `carpool_request` VALUES (106, 6, 116.36247699999993, 39.969152072613085, '2024-02-29 20:08:07', 116.36557927312371, 39.96981161025655, NULL, 'InProgress', 'unknown location', 'unknown location', ST_GeomFromText('POINT(116.362477 39.9691520726131)'), ST_GeomFromText('POINT(116.365579273124 39.9698116102565)'), NULL, NULL);
INSERT INTO `carpool_request` VALUES (107, 6, 116.36547419979087, 39.970287008923634, '2024-02-29 20:08:18', 116.37156664324161, 39.97346482988014, NULL, 'InProgress', 'unknown location', 'unknown location', ST_GeomFromText('POINT(116.365474199791 39.9702870089236)'), ST_GeomFromText('POINT(116.371566643242 39.9734648298801)'), NULL, NULL);
INSERT INTO `carpool_request` VALUES (108, 6, 116.36247399999993, 39.969153072613, '2024-02-29 20:09:29', 116.37082483277888, 39.97761200456172, NULL, 'InProgress', 'unknown location', 'unknown location', ST_GeomFromText('POINT(116.362474 39.969153072613)'), ST_GeomFromText('POINT(116.370824832779 39.9776120045617)'), NULL, NULL);
INSERT INTO `carpool_request` VALUES (109, 6, 116.36247399999993, 39.969135072614506, '2024-02-29 20:10:12', 116.36579047645363, 39.971265454147435, NULL, 'InProgress', 'unknown location', 'unknown location', ST_GeomFromText('POINT(116.362474 39.9691350726145)'), ST_GeomFromText('POINT(116.365790476454 39.9712654541474)'), NULL, NULL);
INSERT INTO `carpool_request` VALUES (110, 6, 116.36247799999994, 39.969144072613766, '2024-02-29 20:10:49', 116.3682124827724, 39.97429952073518, NULL, 'InProgress', 'unknown location', 'unknown location', ST_GeomFromText('POINT(116.362478 39.9691440726138)'), ST_GeomFromText('POINT(116.368212482772 39.9742995207352)'), NULL, NULL);
INSERT INTO `carpool_request` VALUES (111, 6, 116.36247999999993, 39.9691400726141, '2024-02-29 20:11:50', 116.36834952522679, 39.97600781908844, NULL, 'InProgress', 'unknown location', 'unknown location', ST_GeomFromText('POINT(116.36248 39.9691400726141)'), ST_GeomFromText('POINT(116.368349525227 39.9760078190884)'), NULL, NULL);
INSERT INTO `carpool_request` VALUES (112, 6, 116.36247499999995, 39.96914507261367, '2024-02-29 20:11:59', 116.36959805553808, 39.97561424587472, NULL, 'InProgress', 'unknown location', 'unknown location', ST_GeomFromText('POINT(116.362475 39.9691450726137)'), ST_GeomFromText('POINT(116.369598055538 39.9756142458747)'), NULL, NULL);
INSERT INTO `carpool_request` VALUES (113, 6, 116.36247899999992, 39.969144072613766, '2024-02-29 20:12:13', 116.36750672904849, 39.97378453618032, NULL, 'InProgress', 'unknown location', 'unknown location', ST_GeomFromText('POINT(116.362479 39.9691440726138)'), ST_GeomFromText('POINT(116.367506729048 39.9737845361803)'), NULL, NULL);
INSERT INTO `carpool_request` VALUES (114, 6, 116.36248099999995, 39.96913607261442, '2024-02-29 20:14:29', 116.36748531313185, 39.97415566798166, NULL, 'InProgress', 'unknown location', 'unknown location', ST_GeomFromText('POINT(116.362481 39.9691360726144)'), ST_GeomFromText('POINT(116.367485313132 39.9741556679817)'), NULL, NULL);
INSERT INTO `carpool_request` VALUES (115, 6, 116.36247499999995, 39.96917007261157, '2024-02-29 20:15:45', 116.36501164076599, 39.97299859366991, NULL, 'InProgress', 'unknown location', 'unknown location', ST_GeomFromText('POINT(116.362475 39.9691700726116)'), ST_GeomFromText('POINT(116.365011640766 39.9729985936699)'), NULL, NULL);
INSERT INTO `carpool_request` VALUES (116, 6, 116.36247099999993, 39.96914807261341, '2024-02-29 20:16:02', 116.3664997991446, 39.974032720187374, NULL, 'InProgress', 'unknown location', 'unknown location', ST_GeomFromText('POINT(116.362471 39.9691480726134)'), ST_GeomFromText('POINT(116.366499799145 39.9740327201874)'), NULL, NULL);
INSERT INTO `carpool_request` VALUES (117, 6, 116.36247999999993, 39.96916507261197, '2024-02-29 20:16:21', 116.36620446786695, 39.97338743698726, NULL, 'InProgress', 'unknown location', 'unknown location', ST_GeomFromText('POINT(116.36248 39.969165072612)'), ST_GeomFromText('POINT(116.366204467867 39.9733874369873)'), NULL, NULL);
INSERT INTO `carpool_request` VALUES (118, 6, 116.36248099999995, 39.96911907261587, '2024-02-29 20:19:59', 116.36607679569377, 39.973023591534975, NULL, 'InProgress', 'unknown location', 'unknown location', ST_GeomFromText('POINT(116.362481 39.9691190726159)'), ST_GeomFromText('POINT(116.366076795694 39.973023591535)'), NULL, NULL);
INSERT INTO `carpool_request` VALUES (119, 6, 116.36248299999993, 39.96912507261535, '2024-02-29 20:20:27', 116.36485587964403, 39.973449524586556, NULL, 'InProgress', 'unknown location', 'unknown location', ST_GeomFromText('POINT(116.362483 39.9691250726153)'), ST_GeomFromText('POINT(116.364855879644 39.9734495245866)'), NULL, NULL);
INSERT INTO `carpool_request` VALUES (120, 6, 116.36248399999994, 39.96915407261292, '2024-02-29 20:22:42', 116.3670440816674, 39.973669329494925, NULL, 'InProgress', 'unknown location', 'unknown location', ST_GeomFromText('POINT(116.362484 39.9691540726129)'), ST_GeomFromText('POINT(116.367044081667 39.9736693294949)'), NULL, NULL);
INSERT INTO `carpool_request` VALUES (121, 6, 116.36247199999993, 39.96911607261611, '2024-02-29 20:23:21', 116.36313072540824, 39.97383650935587, NULL, 'InProgress', 'unknown location', 'unknown location', ST_GeomFromText('POINT(116.362472 39.9691160726161)'), ST_GeomFromText('POINT(116.363130725408 39.9738365093559)'), NULL, NULL);
INSERT INTO `carpool_request` VALUES (122, 6, 116.36245399999993, 39.96914507261367, '2024-02-29 20:24:07', 116.36904703101746, 39.97626090911237, NULL, 'InProgress', 'unknown location', 'unknown location', ST_GeomFromText('POINT(116.362454 39.9691450726137)'), ST_GeomFromText('POINT(116.369047031017 39.9762609091124)'), NULL, NULL);
INSERT INTO `carpool_request` VALUES (123, 6, 116.36249199999995, 39.969118072615935, '2024-02-29 20:26:25', 116.36688983788933, 39.97284636172316, NULL, 'InProgress', 'unknown location', 'unknown location', ST_GeomFromText('POINT(116.362492 39.9691180726159)'), ST_GeomFromText('POINT(116.366889837889 39.9728463617232)'), NULL, NULL);
INSERT INTO `carpool_request` VALUES (124, 6, 116.36249299999993, 39.969093072618044, '2024-02-29 20:29:41', 116.36622923867961, 39.97321203484436, NULL, 'InProgress', 'unknown location', 'unknown location', ST_GeomFromText('POINT(116.362493 39.969093072618)'), ST_GeomFromText('POINT(116.36622923868 39.9732120348444)'), NULL, NULL);
INSERT INTO `carpool_request` VALUES (125, 6, 116.36248099999995, 39.96915507261283, '2024-02-29 20:29:54', 116.36857712592338, 39.974814904764195, NULL, 'InProgress', 'unknown location', 'unknown location', ST_GeomFromText('POINT(116.362481 39.9691550726128)'), ST_GeomFromText('POINT(116.368577125923 39.9748149047642)'), NULL, NULL);
INSERT INTO `carpool_request` VALUES (126, 6, 116.36247899999992, 39.96912107261569, '2024-02-29 20:30:28', 116.36822534775627, 39.97309275149543, 85, 'InProgress', '铁道部党校', '牡丹园', ST_GeomFromText('POINT(116.362479 39.9691210726157)'), ST_GeomFromText('POINT(116.368225347756 39.9730927514954)'), NULL, NULL);
INSERT INTO `carpool_request` VALUES (127, 6, 116.36246899999993, 39.96913807261426, '2024-02-29 20:40:28', 116.33337396094362, 40.00964515986998, 86, 'InProgress', '铁道部党校', '北师大朝阳附中', ST_GeomFromText('POINT(116.362469 39.9691380726143)'), ST_GeomFromText('POINT(116.333373960944 40.00964515987)'), NULL, NULL);
INSERT INTO `carpool_request` VALUES (128, 42, 116.36738671268604, 39.96837844822035, '2024-02-29 20:55:20', 116.37587243490795, 39.975580169492595, 88, 'Pending', '中国共产党济宁市在北京流动党员委员会', '牡丹园', ST_GeomFromText('POINT(116.367386712686 39.9683784482203)'), ST_GeomFromText('POINT(116.375872434908 39.9755801694926)'), NULL, NULL);
INSERT INTO `carpool_request` VALUES (129, 42, 116.36248099999995, 39.96908207261898, '2024-03-01 10:02:54', 116.3672425913645, 39.9718894217478, NULL, 'Completed', '铁道部党校', '牡丹园', ST_GeomFromText('POINT(116.362481 39.969082072619)'), ST_GeomFromText('POINT(116.367242591365 39.9718894217478)'), NULL, NULL);
INSERT INTO `carpool_request` VALUES (130, 42, 116.36176113753908, 39.966859623831496, '2024-03-01 10:54:58', 116.40341241800925, 39.924161355212135, 90, 'Completed', '牡丹园', '历代帝王庙', ST_GeomFromText('POINT(116.361761137539 39.9668596238315)'), ST_GeomFromText('POINT(116.403412418009 39.9241613552121)'), NULL, NULL);
INSERT INTO `carpool_request` VALUES (131, 34, 116.36247999999993, 39.96912007261578, '2024-03-06 23:00:02', 116.36354164743909, 39.971949009836564, NULL, 'Pending', '铁道部党校', '牡丹园', ST_GeomFromText('POINT(116.36248 39.9691200726158)'), ST_GeomFromText('POINT(116.363541647439 39.9719490098366)'), NULL, NULL);
INSERT INTO `carpool_request` VALUES (132, 42, 116.36245499999993, 39.96910207261728, '2024-04-05 13:52:40', 116.36630660194612, 39.97270470503821, NULL, 'Completed', '铁道党校', '牡丹园', ST_GeomFromText('POINT(116.362455 39.9691020726173)'), ST_GeomFromText('POINT(116.366306601946 39.9727047050382)'), NULL, NULL);
INSERT INTO `carpool_request` VALUES (133, 42, 116.36244999999992, 39.96911707261602, '2024-04-05 13:59:07', 116.36673574893716, 39.97301729241572, NULL, 'Completed', '铁道党校', '牡丹园', ST_GeomFromText('POINT(116.36245 39.969117072616)'), ST_GeomFromText('POINT(116.366735748937 39.9730172924157)'), NULL, NULL);
INSERT INTO `carpool_request` VALUES (134, 42, 116.36245699999994, 39.96911207261645, '2024-04-05 14:04:10', 116.37034319154674, 39.96975854400973, NULL, 'Completed', '铁道党校', '铁道党校一号学园楼', ST_GeomFromText('POINT(116.362457 39.9691120726164)'), ST_GeomFromText('POINT(116.370343191547 39.9697585440097)'), NULL, NULL);
INSERT INTO `carpool_request` VALUES (135, 42, 116.36245399999993, 39.96911607261611, '2024-04-05 14:05:00', 116.36657441037582, 39.97155857619906, NULL, 'Completed', '铁道党校', '牡丹园', ST_GeomFromText('POINT(116.362454 39.9691160726161)'), ST_GeomFromText('POINT(116.366574410376 39.9715585761991)'), NULL, NULL);
INSERT INTO `carpool_request` VALUES (136, 42, 116.36245799999992, 39.96910107261736, '2024-04-05 14:15:18', 116.36716326723139, 39.96992199199781, NULL, 'Completed', '铁道党校', '铁道党校一号学园楼', ST_GeomFromText('POINT(116.362458 39.9691010726174)'), ST_GeomFromText('POINT(116.367163267231 39.9699219919978)'), NULL, NULL);
INSERT INTO `carpool_request` VALUES (137, 42, 116.36244899999993, 39.96911707261602, '2024-04-05 14:28:27', 116.36510948621041, 39.970751429970605, NULL, 'Completed', '铁道党校', '牡丹园', ST_GeomFromText('POINT(116.362449 39.969117072616)'), ST_GeomFromText('POINT(116.36510948621 39.9707514299706)'), NULL, NULL);
INSERT INTO `carpool_request` VALUES (138, 42, 116.36285964412328, 39.96943182039881, '2024-04-05 14:33:20', 116.36749421277707, 39.972040347091514, NULL, 'Completed', '铁道党校', '北太平庄路小区', ST_GeomFromText('POINT(116.362859644123 39.9694318203988)'), ST_GeomFromText('POINT(116.367494212777 39.9720403470915)'), NULL, NULL);
INSERT INTO `carpool_request` VALUES (139, 42, 116.36244499999994, 39.96912207261561, '2024-04-05 14:33:52', 116.36452478498192, 39.96991887366749, NULL, 'Completed', '铁道党校', '铁道党校一号学园楼', ST_GeomFromText('POINT(116.362445 39.9691220726156)'), ST_GeomFromText('POINT(116.364524784982 39.9699188736675)'), NULL, NULL);
INSERT INTO `carpool_request` VALUES (140, 42, 116.36245199999993, 39.969110072616616, '2024-04-05 14:44:24', 116.36638654627009, 39.970099342647885, NULL, 'Completed', '铁道党校', '铁道党校', ST_GeomFromText('POINT(116.362452 39.9691100726166)'), ST_GeomFromText('POINT(116.36638654627 39.9700993426479)'), NULL, NULL);
INSERT INTO `carpool_request` VALUES (141, 42, 116.36245299999995, 39.969129072615026, '2024-04-05 14:45:35', 116.36605999097829, 39.96973169631161, NULL, 'Completed', '铁道党校', '铁道党校一号学园楼', ST_GeomFromText('POINT(116.362453 39.969129072615)'), ST_GeomFromText('POINT(116.366059990978 39.9697316963116)'), NULL, NULL);
INSERT INTO `carpool_request` VALUES (142, 42, 116.36244799999993, 39.96911307261637, '2024-04-05 14:49:33', 116.36615071270903, 39.97071670840077, NULL, 'Completed', '铁道党校', '牡丹园', ST_GeomFromText('POINT(116.362448 39.9691130726164)'), ST_GeomFromText('POINT(116.366150712709 39.9707167084008)'), NULL, NULL);
INSERT INTO `carpool_request` VALUES (143, 42, 116.36245199999993, 39.96910607261695, '2024-04-05 14:51:25', 116.36653760236197, 39.970813491587315, NULL, 'Completed', '铁道党校', '牡丹园', ST_GeomFromText('POINT(116.362452 39.969106072617)'), ST_GeomFromText('POINT(116.366537602362 39.9708134915873)'), NULL, NULL);
INSERT INTO `carpool_request` VALUES (144, 42, 116.36245599999994, 39.9691150726162, '2024-04-05 14:56:16', 116.36627618974494, 39.969791349369686, NULL, 'Completed', '铁道党校', '铁道党校一号学园楼', ST_GeomFromText('POINT(116.362456 39.9691150726162)'), ST_GeomFromText('POINT(116.366276189745 39.9697913493697)'), NULL, NULL);
INSERT INTO `carpool_request` VALUES (145, 42, 116.36245999999993, 39.96910007261746, '2024-04-05 15:03:44', 116.36473122933707, 39.97027183638785, NULL, 'Completed', '铁道党校', '铁道党校', ST_GeomFromText('POINT(116.36246 39.9691000726175)'), ST_GeomFromText('POINT(116.364731229337 39.9702718363879)'), NULL, NULL);
INSERT INTO `carpool_request` VALUES (146, 42, 116.41272299999993, 39.98447707131373, '2024-04-05 20:42:11', 116.41005147632185, 39.986984052065054, NULL, 'Completed', '金第花园小区', '千鹤1号商务楼', ST_GeomFromText('POINT(116.412723 39.9844770713137)'), ST_GeomFromText('POINT(116.410051476322 39.9869840520651)'), NULL, NULL);
INSERT INTO `carpool_request` VALUES (147, 42, 116.41275399999995, 39.98445407131569, '2024-04-05 20:45:22', 116.41539633504776, 39.99058050033077, NULL, 'Completed', '金第花园小区', '光大名筑园', ST_GeomFromText('POINT(116.412754 39.9844540713157)'), ST_GeomFromText('POINT(116.415396335048 39.9905805003308)'), NULL, NULL);
INSERT INTO `carpool_request` VALUES (148, 42, 116.41275399999995, 39.98445807131536, '2024-04-05 21:21:23', 116.41568800352728, 39.98605551088339, NULL, 'Completed', '金第花园小区', '千鹤家园', ST_GeomFromText('POINT(116.412754 39.9844580713154)'), ST_GeomFromText('POINT(116.415688003527 39.9860555108834)'), '2024-04-05 21:21:17', NULL);
INSERT INTO `carpool_request` VALUES (149, 42, 116.41276899999993, 39.984428071317915, '2024-04-29 15:12:46', 116.41679803900333, 39.985783659493976, NULL, 'Completed', '金第花园小区', '千鹤家园', ST_GeomFromText('POINT(116.412769 39.9844280713179)'), ST_GeomFromText('POINT(116.416798039003 39.985783659494)'), '2024-04-29 15:15:29', NULL);
INSERT INTO `carpool_request` VALUES (150, 42, 116.41278599999993, 39.98442207131843, '2024-04-29 15:19:59', 116.41564896755047, 39.984653292492496, NULL, 'Completed', '金第花园小区', '金第花园小区', ST_GeomFromText('POINT(116.412786 39.9844220713184)'), ST_GeomFromText('POINT(116.41564896755 39.9846532924925)'), '2024-04-29 15:19:48', NULL);
INSERT INTO `carpool_request` VALUES (151, 42, 116.41276599999993, 39.984435071317314, '2024-04-29 15:20:09', 116.41622505597222, 39.9852049159069, NULL, 'Completed', '惠新北里社区', '千鹤家园', ST_GeomFromText('POINT(116.412766 39.9844350713173)'), ST_GeomFromText('POINT(116.416225055972 39.9852049159069)'), '2024-04-29 15:22:57', NULL);
INSERT INTO `carpool_request` VALUES (152, 42, 116.41274699999992, 39.98446107131509, '2024-04-29 15:35:17', 116.4166324551354, 39.98544847845156, NULL, 'Completed', '金第花园小区', '千鹤家园', ST_GeomFromText('POINT(116.412747 39.9844610713151)'), ST_GeomFromText('POINT(116.416632455135 39.9854484784516)'), '2024-04-29 15:36:48', NULL);
INSERT INTO `carpool_request` VALUES (153, 42, 116.41274299999995, 39.984480071313484, '2024-04-29 15:36:08', 116.41688081411584, 39.985326899423505, NULL, 'Completed', '金第花园小区', '千鹤家园', ST_GeomFromText('POINT(116.412743 39.9844800713135)'), ST_GeomFromText('POINT(116.416880814116 39.9853268994235)'), '2024-04-29 15:37:44', NULL);
INSERT INTO `carpool_request` VALUES (154, 42, 116.41274999999993, 39.98445807131536, '2024-04-29 15:42:09', 116.41725329926201, 39.9854488253707, NULL, 'Completed', '金第花园小区', '千鹤家园', ST_GeomFromText('POINT(116.41275 39.9844580713154)'), ST_GeomFromText('POINT(116.417253299262 39.9854488253707)'), '2024-04-29 15:43:54', NULL);
INSERT INTO `carpool_request` VALUES (155, 42, 116.41273399999993, 39.98448507131303, '2024-04-29 15:46:41', 116.41559261639735, 39.985475577821546, NULL, 'Completed', '金第花园小区', '千鹤家园', ST_GeomFromText('POINT(116.412734 39.984485071313)'), ST_GeomFromText('POINT(116.415592616397 39.9854755778215)'), '2024-04-29 15:48:42', NULL);
INSERT INTO `carpool_request` VALUES (156, 42, 116.41276899999993, 39.984433071317476, '2024-04-29 15:50:20', 116.416480414826, 39.98554432234099, 116, 'Completed', '惠新北里社区', '千鹤家园', ST_GeomFromText('POINT(116.412769 39.9844330713175)'), ST_GeomFromText('POINT(116.416480414826 39.985544322341)'), '2024-04-29 15:52:08', NULL);
INSERT INTO `carpool_request` VALUES (157, 42, 116.41272599999995, 39.98447607131381, '2024-04-29 16:04:54', 116.4168116023328, 39.985460131337746, NULL, 'Completed', '金第花园小区', '千鹤家园', ST_GeomFromText('POINT(116.412726 39.9844760713138)'), ST_GeomFromText('POINT(116.416811602333 39.9854601313377)'), '2024-04-29 16:06:42', NULL);
INSERT INTO `carpool_request` VALUES (158, 42, 116.41272699999992, 39.984473071314085, '2024-04-29 16:05:52', 116.41643841467823, 39.986632557060375, NULL, 'Completed', '金第花园小区', '千鹤家园', ST_GeomFromText('POINT(116.412727 39.9844730713141)'), ST_GeomFromText('POINT(116.416438414678 39.9866325570604)'), '2024-04-29 16:09:40', NULL);
INSERT INTO `carpool_request` VALUES (159, 42, 116.41271899999992, 39.9844880713128, '2024-04-29 16:06:20', 116.41455077713935, 39.98540518860618, NULL, 'Completed', '金第花园小区', '千鹤家园', ST_GeomFromText('POINT(116.412719 39.9844880713128)'), ST_GeomFromText('POINT(116.414550777139 39.9854051886062)'), '2024-04-29 16:06:11', NULL);
INSERT INTO `carpool_request` VALUES (160, 42, 116.41274999999993, 39.98445907131526, '2024-04-29 16:13:14', 116.41539106559328, 39.985205485600765, 122, 'Completed', '金第花园小区', '千鹤家园', ST_GeomFromText('POINT(116.41275 39.9844590713153)'), ST_GeomFromText('POINT(116.415391065593 39.9852054856008)'), '2024-04-29 16:16:59', NULL);
INSERT INTO `carpool_request` VALUES (161, 42, 116.41276899999993, 39.984428071317915, '2024-04-29 16:15:49', 116.41681109204534, 39.98568994199129, 123, 'Completed', '金第花园小区', '千鹤家园', ST_GeomFromText('POINT(116.412769 39.9844280713179)'), ST_GeomFromText('POINT(116.416811092045 39.9856899419913)'), '2024-04-29 16:19:38', NULL);
INSERT INTO `carpool_request` VALUES (162, 42, 116.41272699999992, 39.98445907131526, '2024-04-30 18:11:29', 116.41499466808654, 39.985530872542476, NULL, 'Completed', '金第花园小区', '千鹤家园', ST_GeomFromText('POINT(116.412727 39.9844590713153)'), ST_GeomFromText('POINT(116.414994668087 39.9855308725425)'), '2024-04-30 20:11:24', NULL);
INSERT INTO `carpool_request` VALUES (163, 42, 116.41272599999995, 39.98446007131518, '2024-04-30 18:14:34', 116.41879480465225, 39.9875016589384, NULL, 'Completed', '金第花园小区', '美克美家(北四环店)', ST_GeomFromText('POINT(116.412726 39.9844600713152)'), ST_GeomFromText('POINT(116.418794804652 39.9875016589384)'), '2024-05-09 18:14:27', NULL);
INSERT INTO `carpool_request` VALUES (164, 42, 116.36245499999993, 39.96914207261391, '2024-05-12 23:48:27', 116.36741077463829, 39.97071735574451, 127, 'Completed', '铁道党校', '牡丹园', ST_GeomFromText('POINT(116.362455 39.9691420726139)'), ST_GeomFromText('POINT(116.367410774638 39.9707173557445)'), '2024-05-12 23:51:19', NULL);
INSERT INTO `carpool_request` VALUES (165, 42, 116.36245899999993, 39.96911707261602, '2024-05-12 23:49:44', 116.3662069362285, 39.97042650523907, NULL, 'Completed', '铁道党校', '铁道党校', ST_GeomFromText('POINT(116.362459 39.969117072616)'), ST_GeomFromText('POINT(116.366206936228 39.9704265052391)'), '2024-05-13 23:49:41', NULL);
INSERT INTO `carpool_request` VALUES (166, 42, 116.36596593760468, 39.97017007225555, '2024-05-12 23:50:38', 116.36839483423324, 39.9710588879151, 128, 'Completed', '北三环中路43号院', '北三环中路43号院', ST_GeomFromText('POINT(116.365965937605 39.9701700722555)'), ST_GeomFromText('POINT(116.368394834233 39.9710588879151)'), '2024-05-12 23:56:31', NULL);
INSERT INTO `carpool_request` VALUES (167, 42, 116.36245999999993, 39.96912207261561, '2024-05-12 23:54:17', 116.36597700173706, 39.97133618833937, 129, 'Completed', '铁道党校', '牡丹园', ST_GeomFromText('POINT(116.36246 39.9691220726156)'), ST_GeomFromText('POINT(116.365977001737 39.9713361883394)'), '2024-05-12 23:57:11', NULL);
INSERT INTO `carpool_request` VALUES (168, 42, 116.36253699999993, 39.96894407263057, '2024-05-13 00:01:58', 116.36637888572318, 39.97161450118829, 130, 'Completed', '铁道党校', '牡丹园', ST_GeomFromText('POINT(116.362537 39.9689440726306)'), ST_GeomFromText('POINT(116.366378885723 39.9716145011883)'), '2024-05-13 00:05:50', NULL);
INSERT INTO `carpool_request` VALUES (169, 42, 116.36245099999992, 39.969129072615026, '2024-05-13 00:22:16', 116.36491599549775, 39.97006154991869, 131, 'Completed', '铁道党校', '铁道党校', ST_GeomFromText('POINT(116.362451 39.969129072615)'), ST_GeomFromText('POINT(116.364915995498 39.9700615499187)'), '2024-05-13 00:25:10', NULL);
INSERT INTO `carpool_request` VALUES (170, 42, 116.36245899999993, 39.96913107261486, '2024-05-13 00:32:07', 116.36592443208077, 39.9698334075411, 132, 'Completed', '铁道党校', '铁道党校一号学园楼', ST_GeomFromText('POINT(116.362459 39.9691310726149)'), ST_GeomFromText('POINT(116.365924432081 39.9698334075411)'), '2024-05-13 00:35:01', NULL);
INSERT INTO `carpool_request` VALUES (171, 42, 116.36245399999993, 39.969118072615935, '2024-05-13 00:34:03', 116.36835348620698, 39.97144725708472, 133, 'Completed', '铁道党校', '牡丹园', ST_GeomFromText('POINT(116.362454 39.9691180726159)'), ST_GeomFromText('POINT(116.368353486207 39.9714472570847)'), '2024-05-13 00:36:56', NULL);
INSERT INTO `carpool_request` VALUES (172, 42, 116.36245199999993, 39.96912707261519, '2024-05-13 00:35:20', 116.36548940998792, 39.97074997090208, 134, 'Completed', '铁道党校', '牡丹园', ST_GeomFromText('POINT(116.362452 39.9691270726152)'), ST_GeomFromText('POINT(116.365489409988 39.9707499709021)'), '2024-05-13 00:37:15', NULL);
INSERT INTO `carpool_request` VALUES (173, 42, 116.36244799999993, 39.96911307261637, '2024-05-13 00:39:27', 116.36565043031963, 39.970878816074126, NULL, 'Completed', '铁道党校', '牡丹园', ST_GeomFromText('POINT(116.362448 39.9691130726164)'), ST_GeomFromText('POINT(116.36565043032 39.9708788160741)'), '2024-05-13 00:41:22', NULL);
INSERT INTO `carpool_request` VALUES (174, 42, 116.36246299999993, 39.969093072618044, '2024-05-13 00:42:06', 116.3667841203899, 39.97118813064434, 136, 'Completed', '铁道党校', '牡丹园', ST_GeomFromText('POINT(116.362463 39.969093072618)'), ST_GeomFromText('POINT(116.36678412039 39.9711881306443)'), '2024-05-13 00:44:01', NULL);
INSERT INTO `carpool_request` VALUES (175, 42, 116.36246499999993, 39.96912107261569, '2024-05-14 13:24:55', 116.36720571793207, 39.970291410891456, 137, 'Completed', '铁道党校', '铁道党校', ST_GeomFromText('POINT(116.362465 39.9691210726157)'), ST_GeomFromText('POINT(116.367205717932 39.9702914108915)'), '2024-05-14 13:29:47', NULL);
INSERT INTO `carpool_request` VALUES (176, 42, 116.36247199999993, 39.96910007261746, '2024-05-14 13:29:54', 116.36623148919084, 39.97258101999646, 138, 'Completed', '铁道党校', '牡丹园', ST_GeomFromText('POINT(116.362472 39.9691000726175)'), ST_GeomFromText('POINT(116.366231489191 39.9725810199965)'), '2024-05-14 13:32:48', NULL);
INSERT INTO `carpool_request` VALUES (177, 42, 116.36246299999993, 39.96913607261442, '2024-05-14 13:31:45', 116.36546344394506, 39.97143770698443, 139, 'Completed', '铁道党校', '牡丹园', ST_GeomFromText('POINT(116.362463 39.9691360726144)'), ST_GeomFromText('POINT(116.365463443945 39.9714377069844)'), '2024-05-14 13:35:39', NULL);
INSERT INTO `carpool_request` VALUES (178, 42, 116.36246299999993, 39.96910207261728, '2024-05-14 13:33:11', 116.3656190188335, 39.971113826941455, 140, 'Completed', '铁道党校', '牡丹园', ST_GeomFromText('POINT(116.362463 39.9691020726173)'), ST_GeomFromText('POINT(116.365619018833 39.9711138269415)'), '2024-05-14 13:35:06', NULL);
INSERT INTO `carpool_request` VALUES (179, 42, 116.36247299999994, 39.96911207261645, '2024-05-14 13:37:17', 116.36812426243335, 39.970875567754746, 141, 'Completed', '铁道党校', '牡丹园', ST_GeomFromText('POINT(116.362473 39.9691120726164)'), ST_GeomFromText('POINT(116.368124262433 39.9708755677547)'), '2024-05-14 13:40:11', NULL);
INSERT INTO `carpool_request` VALUES (180, 42, 116.36246299999993, 39.969095072617876, '2024-05-14 13:45:52', 116.36617706604682, 39.97025769046676, NULL, 'Completed', '铁道党校', '铁道党校', ST_GeomFromText('POINT(116.362463 39.9690950726179)'), ST_GeomFromText('POINT(116.366177066047 39.9702576904668)'), '2024-05-14 13:47:47', NULL);
INSERT INTO `carpool_request` VALUES (181, 42, 116.36247899999992, 39.96911107261652, '2024-05-14 13:47:19', 116.36538233057695, 39.97035305057059, NULL, 'Completed', '铁道党校', '铁道党校', ST_GeomFromText('POINT(116.362479 39.9691110726165)'), ST_GeomFromText('POINT(116.365382330577 39.9703530505706)'), '2024-05-14 13:50:14', NULL);
INSERT INTO `carpool_request` VALUES (182, 42, 116.36246299999993, 39.96910607261695, '2024-05-14 13:47:53', 116.36508785895619, 39.97065754947059, NULL, 'Cancelled', '铁道党校', '牡丹园', ST_GeomFromText('POINT(116.362463 39.969106072617)'), ST_GeomFromText('POINT(116.365087858956 39.9706575494706)'), '2024-05-14 13:47:50', NULL);
INSERT INTO `carpool_request` VALUES (183, 42, 116.36246399999995, 39.969098072617626, '2024-05-14 13:49:15', 116.36607898251111, 39.97012181274137, NULL, 'Completed', '铁道党校', '铁道党校', ST_GeomFromText('POINT(116.362464 39.9690980726176)'), ST_GeomFromText('POINT(116.366078982511 39.9701218127414)'), '2024-05-14 13:51:09', NULL);
INSERT INTO `carpool_request` VALUES (184, 42, 116.36244799999993, 39.96910507261703, '2024-05-14 16:41:25', 116.36477976969256, 39.9713429971429, NULL, 'Completed', '铁道党校', '牡丹园', ST_GeomFromText('POINT(116.362448 39.969105072617)'), ST_GeomFromText('POINT(116.364779769693 39.9713429971429)'), '2024-05-14 16:44:19', NULL);
INSERT INTO `carpool_request` VALUES (185, 42, 116.36248899999993, 39.96911207261645, '2024-05-14 16:44:17', 116.36788762012607, 39.96925722801914, 147, 'Completed', '铁道党校', '铁道党校', ST_GeomFromText('POINT(116.362489 39.9691120726164)'), ST_GeomFromText('POINT(116.367887620126 39.9692572280191)'), '2024-05-14 16:47:10', NULL);
INSERT INTO `carpool_request` VALUES (186, 42, 116.36242999999993, 39.969089072618374, '2024-05-14 16:49:58', 116.36491562248666, 39.970156460589564, 148, 'Completed', '铁道党校', '铁道党校', ST_GeomFromText('POINT(116.36243 39.9690890726184)'), ST_GeomFromText('POINT(116.364915622487 39.9701564605896)'), '2024-05-14 16:54:53', NULL);
INSERT INTO `carpool_request` VALUES (187, 42, 116.36246799999994, 39.96911707261602, '2024-05-14 16:58:23', 116.36589733437984, 39.96938689619292, NULL, 'Cancelled', '铁道党校', '铁道党校', ST_GeomFromText('POINT(116.362468 39.969117072616)'), ST_GeomFromText('POINT(116.36589733438 39.9693868961929)'), '2024-05-14 16:00:18', NULL);
INSERT INTO `carpool_request` VALUES (188, 42, 116.36246499999993, 39.96911407261628, '2024-05-14 16:58:54', 116.36464636583212, 39.97226063526643, 150, 'Completed', '铁道党校', '牡丹园', ST_GeomFromText('POINT(116.362465 39.9691140726163)'), ST_GeomFromText('POINT(116.364646365832 39.9722606352664)'), '2024-05-14 16:59:47', NULL);
INSERT INTO `carpool_request` VALUES (189, 42, 116.36247499999995, 39.9691340726146, '2024-05-14 17:02:29', 116.36457621137514, 39.97009889522724, 151, 'Completed', '铁道党校', '铁道党校', ST_GeomFromText('POINT(116.362475 39.9691340726146)'), ST_GeomFromText('POINT(116.364576211375 39.9700988952272)'), '2024-05-14 17:05:23', NULL);
INSERT INTO `carpool_request` VALUES (190, 42, 116.36266099999993, 39.96881407264152, '2024-05-14 17:07:02', 116.36563652755733, 39.969631482525706, NULL, 'Completed', '铁道党校', '铁道党校', ST_GeomFromText('POINT(116.362661 39.9688140726415)'), ST_GeomFromText('POINT(116.365636527557 39.9696314825257)'), '2024-05-14 17:10:57', NULL);
INSERT INTO `carpool_request` VALUES (191, 42, 116.36249999999993, 39.969096072617795, '2024-05-14 17:10:12', 116.36577978411763, 39.969556360830055, 153, 'Completed', '铁道党校', '铁道党校', ST_GeomFromText('POINT(116.3625 39.9690960726178)'), ST_GeomFromText('POINT(116.365779784118 39.9695563608301)'), '2024-05-14 17:15:07', NULL);
INSERT INTO `carpool_request` VALUES (193, 42, 116.36245299999995, 39.968768072645375, '2024-05-14 17:13:07', 116.36315190109461, 39.97114471873039, 154, 'Completed', '铁道党校', '牡丹园', ST_GeomFromText('POINT(116.362453 39.9687680726454)'), ST_GeomFromText('POINT(116.363151901095 39.9711447187304)'), '2024-05-14 17:16:01', NULL);
INSERT INTO `carpool_request` VALUES (194, 46, 116.36242399999995, 39.96892307263234, '2024-05-14 17:24:14', 116.36646775404094, 39.96896771434343, 155, 'Completed', '铁道党校', '铁道党校', ST_GeomFromText('POINT(116.362424 39.9689230726323)'), ST_GeomFromText('POINT(116.366467754041 39.9689677143434)'), '2024-05-14 17:28:08', NULL);
INSERT INTO `carpool_request` VALUES (195, 42, 116.36246399999995, 39.96911707261602, '2024-05-14 17:24:38', 116.36613055074957, 39.97081932984556, 155, 'Completed', '铁道党校', '牡丹园', ST_GeomFromText('POINT(116.362464 39.969117072616)'), ST_GeomFromText('POINT(116.36613055075 39.9708193298456)'), '2024-05-14 17:25:33', NULL);
INSERT INTO `carpool_request` VALUES (196, 42, 116.36246599999993, 39.96912207261561, '2024-05-14 17:39:01', 116.36646894363416, 39.970029357280474, NULL, 'Completed', '铁道党校', '铁道党校', ST_GeomFromText('POINT(116.362466 39.9691220726156)'), ST_GeomFromText('POINT(116.366468943634 39.9700293572805)'), '2024-05-14 17:40:50', 3);
INSERT INTO `carpool_request` VALUES (197, 42, 116.36351684985532, 39.96915488025159, '2024-05-14 17:42:25', 116.36749316850941, 39.97052437397288, NULL, 'Completed', '中国工商银行(北京北太平庄支行)', '牡丹园', ST_GeomFromText('POINT(116.363516849855 39.9691548802516)'), ST_GeomFromText('POINT(116.367493168509 39.9705243739729)'), '2024-05-14 17:45:20', 3);
INSERT INTO `carpool_request` VALUES (198, 42, 116.36246999999995, 39.969091072618205, '2024-05-14 17:42:35', 116.36659040963532, 39.970605647652086, NULL, 'Completed', '铁道党校', '铁道党校', ST_GeomFromText('POINT(116.36247 39.9690910726182)'), ST_GeomFromText('POINT(116.366590409635 39.9706056476521)'), '2024-05-14 17:45:29', 3);
INSERT INTO `carpool_request` VALUES (199, 42, 116.36247099999993, 39.96910907261672, '2024-05-14 17:43:51', 116.36545168402479, 39.971521583004645, NULL, 'Completed', '铁道党校', '牡丹园', ST_GeomFromText('POINT(116.362471 39.9691090726167)'), ST_GeomFromText('POINT(116.365451684025 39.9715215830046)'), '2024-05-14 17:45:46', 3);
INSERT INTO `carpool_request` VALUES (200, 42, 116.36246999999995, 39.969110072616616, '2024-05-14 17:46:59', 116.36512411864895, 39.97050614295047, NULL, 'Pending', '铁道党校', '铁道党校', ST_GeomFromText('POINT(116.36247 39.9691100726166)'), ST_GeomFromText('POINT(116.365124118649 39.9705061429505)'), '2024-05-14 17:49:53', 3);
INSERT INTO `carpool_request` VALUES (201, 42, 116.36247699999993, 39.96913307261469, '2024-05-14 17:53:34', 116.36627978647985, 39.97087731866502, 159, 'Completed', '铁道党校', '牡丹园', ST_GeomFromText('POINT(116.362477 39.9691330726147)'), ST_GeomFromText('POINT(116.36627978648 39.970877318665)'), '2024-05-14 17:59:23', 3);
INSERT INTO `carpool_request` VALUES (202, 33, 116.36247599999993, 39.96910907261672, '2024-05-14 17:54:55', 116.36633534921175, 39.97054866514244, NULL, 'Available', '铁道党校', '铁道党校', ST_GeomFromText('POINT(116.362476 39.9691090726167)'), ST_GeomFromText('POINT(116.366335349212 39.9705486651424)'), '2024-05-14 17:56:48', 1);
INSERT INTO `carpool_request` VALUES (203, 47, 116.36246799999994, 39.9691150726162, '2024-05-14 18:07:16', 116.36621009178268, 39.970141822631966, 161, 'Completed', '铁道党校', '铁道党校', ST_GeomFromText('POINT(116.362468 39.9691150726162)'), ST_GeomFromText('POINT(116.366210091783 39.970141822632)'), '2024-05-14 18:10:09', 3);
INSERT INTO `carpool_request` VALUES (204, 46, 116.36246499999993, 39.96912007261578, '2024-05-14 18:07:25', 116.3653542248546, 39.96984325788678, 161, 'Completed', '铁道党校', '铁道党校一号学园楼', ST_GeomFromText('POINT(116.362465 39.9691200726158)'), ST_GeomFromText('POINT(116.365354224855 39.9698432578868)'), '2024-05-14 18:10:20', 3);
INSERT INTO `carpool_request` VALUES (205, 42, 116.36246499999993, 39.9691340726146, '2024-05-14 18:07:36', 116.36657779402886, 39.96884530370983, 161, 'Completed', '铁道党校', '铁道党校', ST_GeomFromText('POINT(116.362465 39.9691340726146)'), ST_GeomFromText('POINT(116.366577794029 39.9688453037098)'), '2024-05-14 18:10:30', 3);
INSERT INTO `carpool_request` VALUES (206, 42, 116.3631551082906, 39.96915081216785, '2024-05-14 18:17:01', 116.36637050759326, 39.97069083909933, NULL, 'Cancelled', '中国工商银行(北京北太平庄支行)', '牡丹园', ST_GeomFromText('POINT(116.363155108291 39.9691508121678)'), ST_GeomFromText('POINT(116.366370507593 39.9706908390993)'), '2024-05-14 18:37:49', 3);
INSERT INTO `carpool_request` VALUES (207, 47, 116.36246499999993, 39.96910607261695, '2024-05-14 18:17:20', 116.36679102781974, 39.97066562251325, NULL, 'Completed', '铁道党校', '牡丹园', ST_GeomFromText('POINT(116.362465 39.969106072617)'), ST_GeomFromText('POINT(116.36679102782 39.9706656225133)'), '2024-05-14 18:17:14', 3);
INSERT INTO `carpool_request` VALUES (208, 46, 116.36238699999993, 39.96898807262688, '2024-05-14 18:17:31', 116.36589120032926, 39.97021569959201, 162, 'Completed', '铁道党校', '铁道党校', ST_GeomFromText('POINT(116.362387 39.9689880726269)'), ST_GeomFromText('POINT(116.365891200329 39.970215699592)'), '2024-05-14 18:20:25', 3);
INSERT INTO `carpool_request` VALUES (209, 42, 116.36247399999993, 39.96913207261476, '2024-05-14 18:17:43', 116.36604183112327, 39.9707122750579, 162, 'Completed', '铁道党校', '牡丹园', ST_GeomFromText('POINT(116.362474 39.9691320726148)'), ST_GeomFromText('POINT(116.366041831123 39.9707122750579)'), '2024-05-14 18:19:36', 3);
INSERT INTO `carpool_request` VALUES (210, 42, 116.4034899528445, 39.90938062408117, '2024-05-14 18:22:19', 116.40589606371628, 39.91000053273343, NULL, 'Cancelled', '乐语宾馆(王府井大街店)', '北京天安门王府井美仑酒店', ST_GeomFromText('POINT(116.403489952844 39.9093806240812)'), ST_GeomFromText('POINT(116.405896063716 39.9100005327334)'), '2024-05-15 18:22:12', 3);
INSERT INTO `carpool_request` VALUES (211, 42, 116.3623540176878, 39.96843078252714, '2024-05-14 18:22:45', 116.36497500009139, 39.96979625164694, 163, 'Completed', '铁道党校', '铁道党校一号学园楼', ST_GeomFromText('POINT(116.362354017688 39.9684307825271)'), ST_GeomFromText('POINT(116.364975000091 39.9697962516469)'), '2024-05-14 18:25:35', 3);
INSERT INTO `carpool_request` VALUES (212, 46, 116.36238699999993, 39.96898807262688, '2024-05-14 18:22:56', 116.36421452224563, 39.97019784352102, 163, 'Completed', '铁道党校', '铁道党校', ST_GeomFromText('POINT(116.362387 39.9689880726269)'), ST_GeomFromText('POINT(116.364214522246 39.970197843521)'), '2024-05-14 18:25:49', 3);
INSERT INTO `carpool_request` VALUES (213, 47, 116.36254722408805, 39.968596229918205, '2024-05-14 18:23:07', 116.36574395645542, 39.969864050367725, 163, 'Completed', '铁道党校', '铁道党校一号学园楼', ST_GeomFromText('POINT(116.362547224088 39.9685962299182)'), ST_GeomFromText('POINT(116.365743956455 39.9698640503677)'), '2024-05-14 18:25:00', 3);
INSERT INTO `carpool_request` VALUES (214, 42, 116.4048116379424, 39.905771348575975, '2024-05-14 18:56:02', 116.42955080055022, 39.916593740292356, NULL, 'Cancelled', '轻工业出版社(发行部)', '天伦王朝酒店', ST_GeomFromText('POINT(116.404811637942 39.905771348576)'), ST_GeomFromText('POINT(116.42955080055 39.9165937402924)'), '2024-05-14 18:57:50', 3);
INSERT INTO `carpool_request` VALUES (215, 42, 116.36248570195842, 39.969287728868736, '2024-05-14 18:56:47', 116.36688892816635, 39.97068044708048, 164, 'Completed', '铁道党校', '牡丹园', ST_GeomFromText('POINT(116.362485701958 39.9692877288687)'), ST_GeomFromText('POINT(116.366888928166 39.9706804470805)'), '2024-05-14 18:57:39', 3);
INSERT INTO `carpool_request` VALUES (216, 42, 116.3903628785127, 39.90641911500217, '2024-05-14 20:39:14', 116.41349304814928, 39.91059381644373, NULL, 'Cancelled', '天安门-华表', '故宫博物院', ST_GeomFromText('POINT(116.390362878513 39.9064191150022)'), ST_GeomFromText('POINT(116.413493048149 39.9105938164437)'), '2024-05-15 20:39:05', 3);
INSERT INTO `carpool_request` VALUES (217, 42, 116.360823275712, 39.968278038786295, '2024-05-14 20:41:08', 116.37781533454428, 39.974227724710495, 165, 'Completed', '牡丹园', '元大都遗址公园', ST_GeomFromText('POINT(116.360823275712 39.9682780387863)'), ST_GeomFromText('POINT(116.377815334544 39.9742277247105)'), '2024-05-14 20:44:00', 3);
INSERT INTO `carpool_request` VALUES (218, 42, 116.40059967732117, 39.90331338400142, '2024-05-14 20:50:59', 116.40434276133024, 39.90473432434048, NULL, 'Cancelled', '北京市', '', ST_GeomFromText('POINT(116.400599677321 39.9033133840014)'), ST_GeomFromText('POINT(116.40434276133 39.9047343243405)'), '2024-05-15 20:50:49', 3);
INSERT INTO `carpool_request` VALUES (219, 42, 116.36147661548158, 39.96721003362532, '2024-05-14 20:51:55', 116.37401800097729, 39.97284504790986, 166, 'Completed', '中央新闻纪录电影制片厂(北京国都医院西)', '牡丹园', ST_GeomFromText('POINT(116.361476615482 39.9672100336253)'), ST_GeomFromText('POINT(116.374018000977 39.9728450479099)'), '2024-05-14 20:54:47', 3);
INSERT INTO `carpool_request` VALUES (220, 42, 116.4246873606046, 39.91483138460322, '2024-05-15 01:30:23', 116.43471166488305, 39.92019866382096, NULL, 'Cancelled', '秋果酒店·景星(北京协和医院王府井店)', '北京INN-3号楼', ST_GeomFromText('POINT(116.424687360605 39.9148313846032)'), ST_GeomFromText('POINT(116.434711664883 39.920198663821)'), '2024-05-16 01:30:16', 3);
INSERT INTO `carpool_request` VALUES (221, 42, 116.36247499999995, 39.96910207261728, '2024-05-15 01:31:46', 116.36769621624921, 39.97036422795592, 167, 'Completed', '铁道党校', '铁道党校', ST_GeomFromText('POINT(116.362475 39.9691020726173)'), ST_GeomFromText('POINT(116.367696216249 39.9703642279559)'), '2024-05-15 01:34:39', 3);
INSERT INTO `carpool_request` VALUES (222, 42, 116.36228999999993, 39.96766407273814, '2024-05-15 09:16:34', 116.36750362052629, 39.96843387731333, 168, 'Completed', '远望楼宾馆', '铁道党校', ST_GeomFromText('POINT(116.36229 39.9676640727381)'), ST_GeomFromText('POINT(116.367503620526 39.9684338773133)'), '2024-05-15 09:19:27', 3);
INSERT INTO `carpool_request` VALUES (223, 42, 116.41329165016427, 39.912809451324335, '2024-05-15 09:49:32', 116.42198942966496, 39.914767156363865, NULL, 'Cancelled', '东堂子胡同61号院', '金宝大厦', ST_GeomFromText('POINT(116.413291650164 39.9128094513243)'), ST_GeomFromText('POINT(116.421989429665 39.9147671563639)'), '2024-05-16 09:49:25', 3);
INSERT INTO `carpool_request` VALUES (224, 42, 116.3619710157719, 39.967344386790536, '2024-05-15 09:50:26', 116.36902891158437, 39.97050631288618, 169, 'Completed', '远望楼宾馆', '牡丹园', ST_GeomFromText('POINT(116.361971015772 39.9673443867905)'), ST_GeomFromText('POINT(116.369028911584 39.9705063128862)'), '2024-05-15 09:54:18', 3);

-- ----------------------------
-- Table structure for carpooler
-- ----------------------------
DROP TABLE IF EXISTS `carpooler`;
CREATE TABLE `carpooler`  (
  `idCarpooler` int NOT NULL,
  `profile` varchar(45) CHARACTER SET utf8mb4 COLLATE utf8mb4_0900_ai_ci NULL DEFAULT NULL,
  PRIMARY KEY (`idCarpooler`) USING BTREE,
  CONSTRAINT `carpooler_ibfk_1` FOREIGN KEY (`idCarpooler`) REFERENCES `user` (`idUser`) ON DELETE CASCADE ON UPDATE CASCADE
) ENGINE = InnoDB CHARACTER SET = utf8mb4 COLLATE = utf8mb4_0900_ai_ci ROW_FORMAT = Dynamic;

-- ----------------------------
-- Records of carpooler
-- ----------------------------
INSERT INTO `carpooler` VALUES (6, NULL);
INSERT INTO `carpooler` VALUES (25, NULL);
INSERT INTO `carpooler` VALUES (32, NULL);
INSERT INTO `carpooler` VALUES (33, NULL);
INSERT INTO `carpooler` VALUES (34, NULL);
INSERT INTO `carpooler` VALUES (40, NULL);
INSERT INTO `carpooler` VALUES (42, NULL);
INSERT INTO `carpooler` VALUES (46, NULL);
INSERT INTO `carpooler` VALUES (47, NULL);

-- ----------------------------
-- Table structure for driver
-- ----------------------------
DROP TABLE IF EXISTS `driver`;
CREATE TABLE `driver`  (
  `idDriver` int NOT NULL,
  `rating` int NULL DEFAULT NULL,
  PRIMARY KEY (`idDriver`) USING BTREE,
  CONSTRAINT `driver_ibfk_1` FOREIGN KEY (`idDriver`) REFERENCES `user` (`idUser`) ON DELETE RESTRICT ON UPDATE CASCADE
) ENGINE = InnoDB CHARACTER SET = utf8mb4 COLLATE = utf8mb4_0900_ai_ci ROW_FORMAT = Dynamic;

-- ----------------------------
-- Records of driver
-- ----------------------------
INSERT INTO `driver` VALUES (35, NULL);
INSERT INTO `driver` VALUES (39, NULL);
INSERT INTO `driver` VALUES (41, NULL);

-- ----------------------------
-- Table structure for has_vehicle
-- ----------------------------
DROP TABLE IF EXISTS `has_vehicle`;
CREATE TABLE `has_vehicle`  (
  `idHasVehicle` int NOT NULL AUTO_INCREMENT,
  `idDriver` int NULL DEFAULT NULL,
  `idVehicle` int NULL DEFAULT NULL,
  PRIMARY KEY (`idHasVehicle`) USING BTREE,
  INDEX `has_vehicle_driver_idDriver_fk`(`idDriver` ASC) USING BTREE,
  INDEX `has_vehicle_vehicle_idVehicle_fk`(`idVehicle` ASC) USING BTREE,
  CONSTRAINT `has_vehicle_driver_idDriver_fk` FOREIGN KEY (`idDriver`) REFERENCES `driver` (`idDriver`) ON DELETE RESTRICT ON UPDATE RESTRICT,
  CONSTRAINT `has_vehicle_vehicle_idVehicle_fk` FOREIGN KEY (`idVehicle`) REFERENCES `vehicle` (`idVehicle`) ON DELETE RESTRICT ON UPDATE RESTRICT
) ENGINE = InnoDB AUTO_INCREMENT = 8 CHARACTER SET = utf8mb4 COLLATE = utf8mb4_0900_ai_ci ROW_FORMAT = Dynamic;

-- ----------------------------
-- Records of has_vehicle
-- ----------------------------
INSERT INTO `has_vehicle` VALUES (1, 35, 1);
INSERT INTO `has_vehicle` VALUES (2, 35, 2);
INSERT INTO `has_vehicle` VALUES (3, 35, 3);
INSERT INTO `has_vehicle` VALUES (4, 41, 1);
INSERT INTO `has_vehicle` VALUES (5, 41, 2);
INSERT INTO `has_vehicle` VALUES (6, 41, 3);
INSERT INTO `has_vehicle` VALUES (7, 39, 2);

-- ----------------------------
-- Table structure for organization
-- ----------------------------
DROP TABLE IF EXISTS `organization`;
CREATE TABLE `organization`  (
  `idOrganization` int NOT NULL AUTO_INCREMENT,
  `organizationName` varchar(45) CHARACTER SET utf8mb4 COLLATE utf8mb4_0900_ai_ci NOT NULL,
  `emailSuffix` varchar(45) CHARACTER SET utf8mb4 COLLATE utf8mb4_0900_ai_ci NULL DEFAULT NULL,
  PRIMARY KEY (`idOrganization`) USING BTREE
) ENGINE = InnoDB AUTO_INCREMENT = 4 CHARACTER SET = utf8mb4 COLLATE = utf8mb4_0900_ai_ci ROW_FORMAT = Dynamic;

-- ----------------------------
-- Records of organization
-- ----------------------------
INSERT INTO `organization` VALUES (0, 'Test Org', 'p');
INSERT INTO `organization` VALUES (1, 'BUPT', 'bupt.edu.cn');
INSERT INTO `organization` VALUES (2, 'Tencent', 'qq.com');
INSERT INTO `organization` VALUES (3, 'Queen Mary University of London', 'qmul.ac.uk');

-- ----------------------------
-- Table structure for user
-- ----------------------------
DROP TABLE IF EXISTS `user`;
CREATE TABLE `user`  (
  `idUser` int NOT NULL AUTO_INCREMENT,
  `accountNo` varchar(45) CHARACTER SET utf8mb4 COLLATE utf8mb4_0900_ai_ci NOT NULL,
  `password` varchar(45) CHARACTER SET utf8mb4 COLLATE utf8mb4_0900_ai_ci NOT NULL,
  `name` varchar(45) CHARACTER SET utf8mb4 COLLATE utf8mb4_0900_ai_ci NOT NULL,
  `idOrganization` int NULL DEFAULT NULL,
  `phone` varchar(45) CHARACTER SET utf8mb4 COLLATE utf8mb4_0900_ai_ci NULL DEFAULT NULL,
  PRIMARY KEY (`idUser`) USING BTREE,
  INDEX `user_ibfk_1`(`idOrganization` ASC) USING BTREE,
  INDEX `idx_accountNo`(`accountNo` ASC) USING BTREE,
  CONSTRAINT `user_ibfk_1` FOREIGN KEY (`idOrganization`) REFERENCES `organization` (`idOrganization`) ON DELETE CASCADE ON UPDATE CASCADE
) ENGINE = InnoDB AUTO_INCREMENT = 48 CHARACTER SET = utf8mb4 COLLATE = utf8mb4_0900_ai_ci ROW_FORMAT = Dynamic;

-- ----------------------------
-- Records of user
-- ----------------------------
INSERT INTO `user` VALUES (0, 'ysq20020114@bupt.edu.cn', '6737e25ac04c46f3a9dc445d6904c0e9', 'Roderick Young', 1, '18957916792');
INSERT INTO `user` VALUES (6, '0@p', 'c4ca4238a0b923820dcc509a6f75849b', 'Test Man', 0, '16677778888');
INSERT INTO `user` VALUES (25, '123@123.com', 'e10adc3949ba59abbe56e057f20f883e', 'Test Guy', 0, '15637378484');
INSERT INTO `user` VALUES (32, 'jbrown@bupt.edu.cn', 'e10adc3949ba59abbe56e057f20f883e', 'Justin Brown', 1, '12637378591');
INSERT INTO `user` VALUES (33, 'jdean@bupt.edu.cn', 'e10adc3949ba59abbe56e057f20f883e', 'James Dean', 1, '16748395896');
INSERT INTO `user` VALUES (34, 'benkim@bupt.edu.cn', 'e10adc3949ba59abbe56e057f20f883e', 'Ben Kim', 1, '145837896472');
INSERT INTO `user` VALUES (35, '0@p', 'c4ca4238a0b923820dcc509a6f75849b', 'Test Driver', 0, '18675843991');
INSERT INTO `user` VALUES (39, 'ysq20020114@bupt.edu.cn', 'e10adc3949ba59abbe56e057f20f883e', 'Roderick Young', 1, '18976918181');
INSERT INTO `user` VALUES (40, '1614818499@qq.com', 'e10adc3949ba59abbe56e057f20f883e', 'Huateng Ma', 2, '18946879191');
INSERT INTO `user` VALUES (41, 'jp2020213541@qmul.ac.uk', 'e10adc3949ba59abbe56e057f20f883e', 'Shuoqi Yang', 3, '18391671876');
INSERT INTO `user` VALUES (42, 'hstyles@qmul.ac.uk', 'e10adc3949ba59abbe56e057f20f883e', 'Harry Styles', 3, '18734628181');
INSERT INTO `user` VALUES (46, 'bkim@qmul.ac.uk', 'e10adc3949ba59abbe56e057f20f883e', 'Ben Kim', 3, '18734625555');
INSERT INTO `user` VALUES (47, 'rjohnson@qmul.ac.uk', 'e10adc3949ba59abbe56e057f20f883e', 'Ryan Johnson', 3, '18734625555');

-- ----------------------------
-- Table structure for vehicle
-- ----------------------------
DROP TABLE IF EXISTS `vehicle`;
CREATE TABLE `vehicle`  (
  `idVehicle` int NOT NULL AUTO_INCREMENT,
  `seats` int NOT NULL,
  `name` varchar(45) CHARACTER SET utf8mb4 COLLATE utf8mb4_0900_ai_ci NOT NULL,
  `plateNo` varchar(45) CHARACTER SET utf8mb4 COLLATE utf8mb4_0900_ai_ci NOT NULL,
  PRIMARY KEY (`idVehicle`) USING BTREE,
  UNIQUE INDEX `idx_plateNo`(`plateNo` ASC) USING BTREE
) ENGINE = InnoDB AUTO_INCREMENT = 4 CHARACTER SET = utf8mb4 COLLATE = utf8mb4_0900_ai_ci ROW_FORMAT = Dynamic;

-- ----------------------------
-- Records of vehicle
-- ----------------------------
INSERT INTO `vehicle` VALUES (1, 4, 'BMW X5', '京A36278');
INSERT INTO `vehicle` VALUES (2, 2, 'Porsche 911', '京A66666');
INSERT INTO `vehicle` VALUES (3, 5, 'TESLA Model X', '京A72822');

SET FOREIGN_KEY_CHECKS = 1;
